id,user_id,rating,review,sentiment_label
1,U0231,2,"From our experience, The court was double booked and we had to wait for hours. Our session timing was not managed properly.",Negative
2,U0017,2,"In my opinion, Terrible experience, the court surface was very slippery. Changing rooms and wash areas were not properly cleaned.",Negative
3,U0037,2,"In my opinion, Poor experience overall, management needs improvement. We faced issues during check-in and support was slow.",Negative
4,U0218,1,"Overall, Lights were not working properly during our session. Our session timing was not managed properly.",Negative
5,U0137,4,"Honestly, Smooth booking process and an amazing playing experience. Booked for an evening game and everything was ready on time.",Positive
6,U0158,4,"In my opinion, Perfect futsal court, smooth surface and great atmosphere. Staff guided us well before and after the match.",Positive
7,U0064,5,"From our experience, Top notch futsal facility with very reasonable pricing. Warm-up area and changing rooms were clean and organized.",Positive
8,U0257,2,"From our experience, Disappointed with the facilities, not worth the price at all. The playing surface felt unsafe for fast movements.",Negative
9,U0021,4,"Personally, Booking was easy and the experience was fantastic. Warm-up area and changing rooms were clean and organized.",Positive
10,U0014,2,"Personally, Overpriced for the poor quality of the court offered. We faced issues during check-in and support was slow.",Negative
11,U0138,4,"Overall, Loved the overall experience, clean courts and great staff. Booked for an evening game and everything was ready on time.",Positive
12,U0266,2,"In my opinion, Would not recommend this futsal center to anyone. The playing surface felt unsafe for fast movements.",Negative
13,U0300,4,"Honestly, Booking was easy and the experience was fantastic. Online booking confirmation was quick and accurate.",Positive
14,U0179,2,"In my opinion, Staff was very unprofessional and unhelpful throughout. Changing rooms and wash areas were not properly cleaned.",Negative
15,U0083,1,"From our experience, The court was too small and the pricing was too high. The playing surface felt unsafe for fast movements.",Negative
16,U0206,2,"Honestly, Terrible experience, the staff was rude and unprofessional. Our session timing was not managed properly.",Negative
17,U0046,2,"In my opinion, The court was too small and the pricing was too high. Changing rooms and wash areas were not properly cleaned.",Negative
18,U0207,4,"Personally, Very organized management and excellent playing surface. Booked for an evening game and everything was ready on time.",Positive
19,U0212,2,"Personally, Booking process was confusing and staff was rude. We faced issues during check-in and support was slow.",Negative
20,U0256,5,"Honestly, Highly satisfied with the booking and playing experience. Online booking confirmation was quick and accurate.",Positive
21,U0137,4,"In my opinion, Outstanding facilities, the best futsal court in the area. Played with friends on the weekend and everyone enjoyed it.",Positive
22,U0249,2,"Personally, Lights were not working properly during our session. Booked in advance but had to wait too long.",Negative
23,U0082,4,"Honestly, Loved the ambiance and the quality of the court surface. Staff guided us well before and after the match.",Positive
24,U0048,5,"From our experience, The staff was very cooperative and the court was in perfect condition. Booked for an evening game and everything was ready on time.",Positive
25,U0079,1,"Personally, Terrible court condition and very poor customer service. Changing rooms and wash areas were not properly cleaned.",Negative
26,U0213,5,"Overall, Wonderful experience, the court was in perfect shape. Online booking confirmation was quick and accurate.",Positive
27,U0283,2,"Overall, Very disappointing experience, will not come back. The playing surface felt unsafe for fast movements.",Negative
28,U0036,1,"In my opinion, Poor management and the court was not ready on time. The playing surface felt unsafe for fast movements.",Negative
29,U0002,5,"Personally, Loved the ambiance and the quality of the court surface. Warm-up area and changing rooms were clean and organized.",Positive
30,U0077,2,"From our experience, Extremely poor maintenance, the goalposts were broken. Our session timing was not managed properly.",Negative
31,U0171,2,"From our experience, Disappointed with the facilities, not worth the price at all. Our session timing was not managed properly.",Negative
32,U0165,2,"Personally, Staff was unhelpful and the court was not clean at all. We faced issues during check-in and support was slow.",Negative
33,U0120,2,"Honestly, Terrible experience, the staff was rude and unprofessional. The playing surface felt unsafe for fast movements.",Negative
34,U0243,5,"From our experience, Fantastic court with excellent facilities and friendly staff. Online booking confirmation was quick and accurate.",Positive
35,U0254,1,"Personally, Booking process was confusing and staff was rude. We faced issues during check-in and support was slow.",Negative
36,U0052,5,"Personally, Top notch futsal facility with very reasonable pricing. Booked for an evening game and everything was ready on time.",Positive
37,U0008,2,"From our experience, Very unhygienic changing rooms and poor court condition. We faced issues during check-in and support was slow.",Negative
38,U0039,1,"In my opinion, Terrible court condition and very poor customer service. Changing rooms and wash areas were not properly cleaned.",Negative
39,U0042,5,"From our experience, Very professional management and excellent court maintenance. Staff guided us well before and after the match.",Positive
40,U0250,5,"Personally, Outstanding facilities, the best futsal court in the area. Booked for an evening game and everything was ready on time.",Positive
41,U0121,4,"Overall, Highly satisfied with the booking and playing experience. Warm-up area and changing rooms were clean and organized.",Positive
42,U0223,4,"From our experience, Very clean court with friendly and helpful staff. Booked for an evening game and everything was ready on time.",Positive
43,U0154,1,"In my opinion, The court was dirty and very poorly maintained. Booked in advance but had to wait too long.",Negative
44,U0151,4,"From our experience, Great place to play futsal with friends, highly satisfying. Warm-up area and changing rooms were clean and organized.",Positive
45,U0126,4,"Personally, Very organized management and excellent playing surface. Online booking confirmation was quick and accurate.",Positive
46,U0088,1,"Personally, The artificial turf was torn and in bad condition. Booked in advance but had to wait too long.",Negative
47,U0124,5,"Overall, Wonderful experience, the court was in perfect shape. Staff guided us well before and after the match.",Positive
48,U0237,4,"From our experience, Highly satisfied with the booking and playing experience. Warm-up area and changing rooms were clean and organized.",Positive
49,U0005,2,"Personally, Extremely poor maintenance, the goalposts were broken. Changing rooms and wash areas were not properly cleaned.",Negative
50,U0038,4,"Personally, Top notch futsal facility with very reasonable pricing. Warm-up area and changing rooms were clean and organized.",Positive
51,U0218,5,"From our experience, Fantastic court with excellent facilities and friendly staff. Warm-up area and changing rooms were clean and organized.",Positive
52,U0102,2,"Honestly, The booking was confirmed but the court was not available. The playing surface felt unsafe for fast movements.",Negative
53,U0196,4,"Personally, Loved the overall experience, clean courts and great staff. Warm-up area and changing rooms were clean and organized.",Positive
54,U0152,5,"In my opinion, The best futsal court I have ever played in Kathmandu! Online booking confirmation was quick and accurate.",Positive
55,U0290,4,"Personally, Great value for money, will come back again for sure. Booked for an evening game and everything was ready on time.",Positive
56,U0147,2,"Personally, Terrible experience, the staff was rude and unprofessional. We faced issues during check-in and support was slow.",Negative
57,U0113,2,"Personally, Would not recommend this futsal center to anyone. We faced issues during check-in and support was slow.",Negative
58,U0071,2,"Honestly, Would not recommend this futsal center to anyone. Booked in advance but had to wait too long.",Negative
59,U0226,5,"In my opinion, Excellent facilities and very well maintained courts. Staff guided us well before and after the match.",Positive
60,U0047,1,"From our experience, Very bad experience, the changing rooms were unclean. Changing rooms and wash areas were not properly cleaned.",Negative
61,U0103,1,"In my opinion, Very disappointing experience, will not come back. Our session timing was not managed properly.",Negative
62,U0085,5,"In my opinion, Amazing experience, will definitely book again! Online booking confirmation was quick and accurate.",Positive
63,U0059,2,"Overall, Extremely poor maintenance, the goalposts were broken. Booked in advance but had to wait too long.",Negative
64,U0204,4,"Honestly, Outstanding facilities, the best futsal court in the area. Warm-up area and changing rooms were clean and organized.",Positive
65,U0008,5,"Honestly, Amazing experience, will definitely book again! Staff guided us well before and after the match.",Positive
66,U0189,2,"Personally, Poor experience overall, management needs improvement. Changing rooms and wash areas were not properly cleaned.",Negative
67,U0191,5,"From our experience, Very clean court with friendly and helpful staff. Played with friends on the weekend and everyone enjoyed it.",Positive
68,U0288,4,"Overall, Very professional management and excellent court maintenance. Staff guided us well before and after the match.",Positive
69,U0238,4,"From our experience, Fantastic court with excellent facilities and friendly staff. Warm-up area and changing rooms were clean and organized.",Positive
70,U0072,4,"In my opinion, Excellent facilities and very well maintained courts. Booked for an evening game and everything was ready on time.",Positive
71,U0060,5,"Personally, Very clean court with friendly and helpful staff. Played with friends on the weekend and everyone enjoyed it.",Positive
72,U0199,4,"Personally, Top notch futsal facility with very reasonable pricing. Warm-up area and changing rooms were clean and organized.",Positive
73,U0080,5,"From our experience, Booking was easy and the experience was fantastic. Booked for an evening game and everything was ready on time.",Positive
74,U0144,5,"Overall, Excellent facilities and very well maintained courts. Warm-up area and changing rooms were clean and organized.",Positive
75,U0228,2,"Honestly, Terrible experience, the court surface was very slippery. Changing rooms and wash areas were not properly cleaned.",Negative
76,U0279,2,"Honestly, Would not recommend this futsal center to anyone. Changing rooms and wash areas were not properly cleaned.",Negative
77,U0142,2,"From our experience, Staff was unhelpful and the court was not clean at all. Booked in advance but had to wait too long.",Negative
78,U0109,1,"Honestly, Would not recommend this futsal center to anyone. Our session timing was not managed properly.",Negative
79,U0171,4,"Personally, The staff was very cooperative and the court was in perfect condition. Played with friends on the weekend and everyone enjoyed it.",Positive
80,U0036,1,"Overall, Terrible experience, the staff was rude and unprofessional. Our session timing was not managed properly.",Negative
81,U0120,1,"Personally, The court was too small and the pricing was too high. We faced issues during check-in and support was slow.",Negative
82,U0142,1,"Personally, Very disappointing experience, will not come back. We faced issues during check-in and support was slow.",Negative
83,U0090,5,"Overall, Very clean court with friendly and helpful staff. Booked for an evening game and everything was ready on time.",Positive
84,U0184,1,"In my opinion, Terrible experience, the court surface was very slippery. Our session timing was not managed properly.",Negative
85,U0090,4,"Overall, Amazing experience, will definitely book again! Booked for an evening game and everything was ready on time.",Positive
86,U0270,2,"From our experience, Lights were not working properly during our session. Booked in advance but had to wait too long.",Negative
87,U0186,2,"Honestly, Very noisy environment and the court was not well maintained. Our session timing was not managed properly.",Negative
88,U0258,5,"Honestly, The staff was very cooperative and the court was in perfect condition. Staff guided us well before and after the match.",Positive
89,U0235,2,"Honestly, Would not recommend this futsal center to anyone. Booked in advance but had to wait too long.",Negative
90,U0206,5,"From our experience, Booking was easy and the experience was fantastic. Booked for an evening game and everything was ready on time.",Positive
91,U0038,2,"Personally, Overpriced for the poor quality of the court offered. Changing rooms and wash areas were not properly cleaned.",Negative
92,U0034,4,"Personally, Smooth booking process and an amazing playing experience. Warm-up area and changing rooms were clean and organized.",Positive
93,U0196,5,"In my opinion, Perfect futsal court, smooth surface and great atmosphere. Staff guided us well before and after the match.",Positive
94,U0259,2,"Honestly, Very bad lighting and the surface was dangerously slippery. The playing surface felt unsafe for fast movements.",Negative
95,U0283,4,"From our experience, The court condition was perfect and staff was very helpful. Played with friends on the weekend and everyone enjoyed it.",Positive
96,U0117,2,"From our experience, Staff was very unprofessional and unhelpful throughout. Changing rooms and wash areas were not properly cleaned.",Negative
97,U0213,5,"In my opinion, The court condition was perfect and staff was very helpful. Booked for an evening game and everything was ready on time.",Positive
98,U0161,2,"In my opinion, Poor experience overall, management needs improvement. Changing rooms and wash areas were not properly cleaned.",Negative
99,U0243,4,"Honestly, Great lighting and smooth artificial turf, loved it! Booked for an evening game and everything was ready on time.",Positive
100,U0222,1,"Overall, Lights were not working properly during our session. Changing rooms and wash areas were not properly cleaned.",Negative
101,U0288,1,"Honestly, Disappointed with the facilities, not worth the price at all. Changing rooms and wash areas were not properly cleaned.",Negative
102,U0182,5,"Honestly, Great value for money, will come back again for sure. Online booking confirmation was quick and accurate.",Positive
103,U0160,2,"Personally, Worst futsal center I have visited, very disappointing. Booked in advance but had to wait too long.",Negative
104,U0080,1,"Overall, Poor experience overall, management needs improvement. The playing surface felt unsafe for fast movements.",Negative
105,U0180,1,"Honestly, Disappointed with the facilities, not worth the price at all. Changing rooms and wash areas were not properly cleaned.",Negative
106,U0294,2,"Personally, Terrible experience, the court surface was very slippery. The playing surface felt unsafe for fast movements.",Negative
107,U0137,1,"In my opinion, The court was dirty and very poorly maintained. We faced issues during check-in and support was slow.",Negative
108,U0174,2,"Overall, Worst futsal center I have visited, very disappointing. Booked in advance but had to wait too long.",Negative
109,U0290,4,"Honestly, Great value for money, will come back again for sure. Online booking confirmation was quick and accurate.",Positive
110,U0016,1,"Overall, Overpriced for the poor quality of the court offered. Our session timing was not managed properly.",Negative
111,U0215,2,"Overall, Extremely poor maintenance, the goalposts were broken. Changing rooms and wash areas were not properly cleaned.",Negative
112,U0160,5,"Personally, The court condition was perfect and staff was very helpful. Warm-up area and changing rooms were clean and organized.",Positive
113,U0027,4,"Personally, Smooth booking process and an amazing playing experience. Played with friends on the weekend and everyone enjoyed it.",Positive
114,U0042,4,"From our experience, Amazing experience, will definitely book again! Online booking confirmation was quick and accurate.",Positive
115,U0227,5,"Overall, Booking was easy and the experience was fantastic. Warm-up area and changing rooms were clean and organized.",Positive
116,U0177,1,"In my opinion, Staff was very unprofessional and unhelpful throughout. Booked in advance but had to wait too long.",Negative
117,U0270,5,"Honestly, Great value for money, will come back again for sure. Warm-up area and changing rooms were clean and organized.",Positive
118,U0203,1,"Honestly, Very bad lighting and the surface was dangerously slippery. Booked in advance but had to wait too long.",Negative
119,U0155,4,"In my opinion, Affordable pricing with top quality court facilities. Played with friends on the weekend and everyone enjoyed it.",Positive
120,U0168,5,"From our experience, Very clean court with friendly and helpful staff. Booked for an evening game and everything was ready on time.",Positive
121,U0090,2,"Personally, Very disappointing experience, will not come back. The playing surface felt unsafe for fast movements.",Negative
122,U0257,4,"Honestly, Outstanding facilities, the best futsal court in the area. Warm-up area and changing rooms were clean and organized.",Positive
123,U0022,2,"From our experience, Staff was very unprofessional and unhelpful throughout. Booked in advance but had to wait too long.",Negative
124,U0161,4,"Personally, Loved the overall experience, clean courts and great staff. Online booking confirmation was quick and accurate.",Positive
125,U0214,2,"From our experience, Very bad experience, the changing rooms were unclean. Booked in advance but had to wait too long.",Negative
126,U0167,4,"From our experience, Best futsal center in Kathmandu, highly recommended! Staff guided us well before and after the match.",Positive
127,U0046,2,"Overall, Staff was very unprofessional and unhelpful throughout. Booked in advance but had to wait too long.",Negative
128,U0206,2,"From our experience, Very noisy environment and the court was not well maintained. Booked in advance but had to wait too long.",Negative
129,U0174,2,"Overall, Terrible experience, the court surface was very slippery. Changing rooms and wash areas were not properly cleaned.",Negative
130,U0262,1,"Personally, Would not recommend this futsal center to anyone. Booked in advance but had to wait too long.",Negative
131,U0179,1,"Overall, Worst futsal center I have visited, very disappointing. We faced issues during check-in and support was slow.",Negative
132,U0075,1,"Overall, Poor management and the court was not ready on time. We faced issues during check-in and support was slow.",Negative
133,U0039,1,"From our experience, The artificial turf was torn and in bad condition. The playing surface felt unsafe for fast movements.",Negative
134,U0290,5,"In my opinion, Highly satisfied with the booking and playing experience. Staff guided us well before and after the match.",Positive
135,U0078,2,"From our experience, Extremely poor maintenance, the goalposts were broken. Booked in advance but had to wait too long.",Negative
136,U0156,2,"Honestly, Poor management and the court was not ready on time. Our session timing was not managed properly.",Negative
137,U0260,5,"From our experience, Great lighting and smooth artificial turf, loved it! Warm-up area and changing rooms were clean and organized.",Positive
138,U0020,5,"In my opinion, Excellent facilities and very well maintained courts. Warm-up area and changing rooms were clean and organized.",Positive
139,U0047,4,"Personally, Perfect futsal court, smooth surface and great atmosphere. Staff guided us well before and after the match.",Positive
140,U0237,2,"Honestly, The court was flooded and we could not play properly. Our session timing was not managed properly.",Negative
141,U0293,2,"In my opinion, Would not recommend this futsal center to anyone. We faced issues during check-in and support was slow.",Negative
142,U0257,2,"From our experience, Very disappointing experience, will not come back. Booked in advance but had to wait too long.",Negative
143,U0176,1,"Personally, The court was double booked and we had to wait for hours. Booked in advance but had to wait too long.",Negative
144,U0021,4,"From our experience, The staff was very cooperative and the court was in perfect condition. Online booking confirmation was quick and accurate.",Positive
145,U0187,1,"From our experience, Worst futsal center I have visited, very disappointing. Changing rooms and wash areas were not properly cleaned.",Negative
146,U0174,5,"Honestly, Great value for money, will come back again for sure. Staff guided us well before and after the match.",Positive
147,U0034,5,"Personally, Very professional management and excellent court maintenance. Booked for an evening game and everything was ready on time.",Positive
148,U0146,5,"Overall, Amazing experience, will definitely book again! Staff guided us well before and after the match.",Positive
149,U0042,5,"In my opinion, Loved the overall experience, clean courts and great staff. Played with friends on the weekend and everyone enjoyed it.",Positive
150,U0201,2,"Honestly, Very disappointing experience, will not come back. Our session timing was not managed properly.",Negative
151,U0287,2,"Overall, The booking was confirmed but the court was not available. Changing rooms and wash areas were not properly cleaned.",Negative
152,U0217,1,"Honestly, Very noisy environment and the court was not well maintained. Changing rooms and wash areas were not properly cleaned.",Negative
153,U0159,5,"In my opinion, Best futsal center in Kathmandu, highly recommended! Played with friends on the weekend and everyone enjoyed it.",Positive
154,U0099,2,"Overall, Terrible experience, the court surface was very slippery. We faced issues during check-in and support was slow.",Negative
155,U0152,1,"Personally, Lights were not working properly during our session. Our session timing was not managed properly.",Negative
156,U0173,4,"Overall, One of the best futsal experiences I have had in Nepal. Staff guided us well before and after the match.",Positive
157,U0079,5,"Personally, Best futsal center in Kathmandu, highly recommended! Played with friends on the weekend and everyone enjoyed it.",Positive
158,U0225,4,"In my opinion, Excellent facilities and very well maintained courts. Online booking confirmation was quick and accurate.",Positive
159,U0228,1,"From our experience, Very bad lighting and the surface was dangerously slippery. Changing rooms and wash areas were not properly cleaned.",Negative
160,U0274,1,"From our experience, Terrible experience, the court surface was very slippery. Changing rooms and wash areas were not properly cleaned.",Negative
161,U0189,1,"From our experience, Poor experience overall, management needs improvement. Our session timing was not managed properly.",Negative
162,U0145,5,"Personally, One of the best futsal experiences I have had in Nepal. Online booking confirmation was quick and accurate.",Positive
163,U0083,2,"Overall, Staff was unhelpful and the court was not clean at all. Our session timing was not managed properly.",Negative
164,U0027,5,"In my opinion, Highly satisfied with the booking and playing experience. Online booking confirmation was quick and accurate.",Positive
165,U0265,1,"Honestly, Lights were not working properly during our session. Changing rooms and wash areas were not properly cleaned.",Negative
166,U0140,1,"Overall, Extremely poor maintenance, the goalposts were broken. Our session timing was not managed properly.",Negative
167,U0047,5,"In my opinion, The staff was very cooperative and the court was in perfect condition. Online booking confirmation was quick and accurate.",Positive
168,U0213,1,"Personally, Booking process was confusing and staff was rude. The playing surface felt unsafe for fast movements.",Negative
169,U0121,5,"In my opinion, The court was spacious, clean and well lit. Loved it! Booked for an evening game and everything was ready on time.",Positive
170,U0015,4,"In my opinion, Very professional management and excellent court maintenance. Booked for an evening game and everything was ready on time.",Positive
171,U0071,1,"From our experience, Booking process was confusing and staff was rude. Changing rooms and wash areas were not properly cleaned.",Negative
172,U0241,4,"Honestly, Top notch futsal facility with very reasonable pricing. Staff guided us well before and after the match.",Positive
173,U0010,4,"Overall, Amazing experience, will definitely book again! Played with friends on the weekend and everyone enjoyed it.",Positive
174,U0057,5,"Overall, One of the best futsal experiences I have had in Nepal. Warm-up area and changing rooms were clean and organized.",Positive
175,U0063,2,"From our experience, Booking process was confusing and staff was rude. We faced issues during check-in and support was slow.",Negative
176,U0033,2,"Personally, Lights were not working properly during our session. The playing surface felt unsafe for fast movements.",Negative
177,U0264,1,"Overall, The court was flooded and we could not play properly. We faced issues during check-in and support was slow.",Negative
178,U0220,5,"In my opinion, The best futsal court I have ever played in Kathmandu! Staff guided us well before and after the match.",Positive
179,U0293,1,"Honestly, Staff was very unprofessional and unhelpful throughout. We faced issues during check-in and support was slow.",Negative
180,U0035,2,"Personally, Very noisy environment and the court was not well maintained. Our session timing was not managed properly.",Negative
181,U0200,4,"From our experience, Wonderful experience, the court was in perfect shape. Booked for an evening game and everything was ready on time.",Positive
182,U0130,5,"In my opinion, The court condition was perfect and staff was very helpful. Booked for an evening game and everything was ready on time.",Positive
183,U0177,4,"Personally, The staff was very cooperative and the court was in perfect condition. Booked for an evening game and everything was ready on time.",Positive
184,U0069,5,"Personally, Excellent facilities and very well maintained courts. Warm-up area and changing rooms were clean and organized.",Positive
185,U0090,5,"From our experience, One of the best futsal experiences I have had in Nepal. Online booking confirmation was quick and accurate.",Positive
186,U0070,4,"Honestly, Great lighting and smooth artificial turf, loved it! Online booking confirmation was quick and accurate.",Positive
187,U0104,2,"Honestly, Booking process was confusing and staff was rude. We faced issues during check-in and support was slow.",Negative
188,U0159,2,"Personally, Very noisy environment and the court was not well maintained. The playing surface felt unsafe for fast movements.",Negative
189,U0130,2,"In my opinion, Booking process was confusing and staff was rude. We faced issues during check-in and support was slow.",Negative
190,U0025,5,"In my opinion, Highly satisfied with the booking and playing experience. Warm-up area and changing rooms were clean and organized.",Positive
191,U0189,4,"From our experience, Booking was easy and the experience was fantastic. Online booking confirmation was quick and accurate.",Positive
192,U0174,5,"From our experience, Best futsal center in Kathmandu, highly recommended! Online booking confirmation was quick and accurate.",Positive
193,U0266,5,"From our experience, Amazing experience, will definitely book again! Booked for an evening game and everything was ready on time.",Positive
194,U0221,4,"Personally, Perfect futsal court, smooth surface and great atmosphere. Played with friends on the weekend and everyone enjoyed it.",Positive
195,U0165,5,"In my opinion, Very clean court with friendly and helpful staff. Booked for an evening game and everything was ready on time.",Positive
196,U0157,2,"From our experience, Extremely poor maintenance, the goalposts were broken. Our session timing was not managed properly.",Negative
197,U0228,1,"Honestly, Worst futsal center I have visited, very disappointing. The playing surface felt unsafe for fast movements.",Negative
198,U0223,5,"Honestly, Amazing experience, will definitely book again! Booked for an evening game and everything was ready on time.",Positive
199,U0187,5,"Honestly, Very organized management and excellent playing surface. Played with friends on the weekend and everyone enjoyed it.",Positive
200,U0225,4,"Honestly, Excellent facilities and very well maintained courts. Played with friends on the weekend and everyone enjoyed it.",Positive
201,U0188,1,"Personally, Worst futsal center I have visited, very disappointing. The playing surface felt unsafe for fast movements.",Negative
202,U0079,4,"In my opinion, Great value for money, will come back again for sure. Online booking confirmation was quick and accurate.",Positive
203,U0228,5,"Personally, One of the best futsal experiences I have had in Nepal. Booked for an evening game and everything was ready on time.",Positive
204,U0272,4,"In my opinion, Great place to play futsal with friends, highly satisfying. Online booking confirmation was quick and accurate.",Positive
205,U0128,2,"Overall, Lights were not working properly during our session. Booked in advance but had to wait too long.",Negative
206,U0266,5,"Honestly, The court was spacious, clean and well lit. Loved it! Staff guided us well before and after the match.",Positive
207,U0134,2,"Overall, The court was double booked and we had to wait for hours. The playing surface felt unsafe for fast movements.",Negative
208,U0252,5,"Overall, Affordable pricing with top quality court facilities. Booked for an evening game and everything was ready on time.",Positive
209,U0232,1,"Honestly, The artificial turf was torn and in bad condition. The playing surface felt unsafe for fast movements.",Negative
210,U0178,5,"Personally, Fantastic court with excellent facilities and friendly staff. Booked for an evening game and everything was ready on time.",Positive
211,U0154,2,"In my opinion, The artificial turf was torn and in bad condition. We faced issues during check-in and support was slow.",Negative
212,U0063,1,"Overall, Staff was unhelpful and the court was not clean at all. We faced issues during check-in and support was slow.",Negative
213,U0014,2,"Personally, Worst futsal center I have visited, very disappointing. Our session timing was not managed properly.",Negative
214,U0240,5,"Personally, Outstanding facilities, the best futsal court in the area. Played with friends on the weekend and everyone enjoyed it.",Positive
215,U0034,1,"From our experience, Very bad experience, the changing rooms were unclean. The playing surface felt unsafe for fast movements.",Negative
216,U0210,2,"Overall, The court was flooded and we could not play properly. Booked in advance but had to wait too long.",Negative
217,U0038,2,"Personally, Extremely poor maintenance, the goalposts were broken. The playing surface felt unsafe for fast movements.",Negative
218,U0066,2,"Personally, Terrible experience, the staff was rude and unprofessional. Our session timing was not managed properly.",Negative
219,U0067,1,"Honestly, Staff was very unprofessional and unhelpful throughout. Our session timing was not managed properly.",Negative
220,U0266,4,"Overall, Smooth booking process and an amazing playing experience. Warm-up area and changing rooms were clean and organized.",Positive
221,U0166,4,"In my opinion, Fantastic court with excellent facilities and friendly staff. Played with friends on the weekend and everyone enjoyed it.",Positive
222,U0041,5,"Personally, Amazing experience, will definitely book again! Played with friends on the weekend and everyone enjoyed it.",Positive
223,U0065,5,"Personally, Highly satisfied with the booking and playing experience. Warm-up area and changing rooms were clean and organized.",Positive
224,U0258,4,"Personally, Highly satisfied with the booking and playing experience. Played with friends on the weekend and everyone enjoyed it.",Positive
225,U0088,1,"Personally, Poor experience overall, management needs improvement. Our session timing was not managed properly.",Negative
226,U0289,5,"Honestly, Excellent facilities and very well maintained courts. Booked for an evening game and everything was ready on time.",Positive
227,U0296,1,"Personally, Poor management and the court was not ready on time. We faced issues during check-in and support was slow.",Negative
228,U0016,5,"In my opinion, Wonderful experience, the court was in perfect shape. Staff guided us well before and after the match.",Positive
229,U0248,2,"In my opinion, Terrible experience, the court surface was very slippery. The playing surface felt unsafe for fast movements.",Negative
230,U0038,2,"Overall, The court was double booked and we had to wait for hours. Booked in advance but had to wait too long.",Negative
231,U0213,5,"Overall, Wonderful experience, the court was in perfect shape. Online booking confirmation was quick and accurate.",Positive
232,U0074,2,"In my opinion, The court was too small and the pricing was too high. Changing rooms and wash areas were not properly cleaned.",Negative
233,U0067,2,"Personally, Terrible experience, the staff was rude and unprofessional. Changing rooms and wash areas were not properly cleaned.",Negative
234,U0164,4,"Honestly, The staff was very cooperative and the court was in perfect condition. Online booking confirmation was quick and accurate.",Positive
235,U0231,2,"Honestly, Terrible experience, the court surface was very slippery. We faced issues during check-in and support was slow.",Negative
236,U0149,4,"From our experience, The court was spacious, clean and well lit. Loved it! Staff guided us well before and after the match.",Positive
237,U0082,1,"In my opinion, The court was too small and the pricing was too high. Our session timing was not managed properly.",Negative
238,U0082,1,"From our experience, Terrible court condition and very poor customer service. Our session timing was not managed properly.",Negative
239,U0158,2,"Honestly, Terrible court condition and very poor customer service. Booked in advance but had to wait too long.",Negative
240,U0259,5,"Overall, Top notch futsal facility with very reasonable pricing. Played with friends on the weekend and everyone enjoyed it.",Positive
241,U0025,2,"From our experience, Booking process was confusing and staff was rude. Changing rooms and wash areas were not properly cleaned.",Negative
242,U0147,2,"Honestly, Disappointed with the facilities, not worth the price at all. Booked in advance but had to wait too long.",Negative
243,U0069,2,"From our experience, Poor management and the court was not ready on time. Changing rooms and wash areas were not properly cleaned.",Negative
244,U0024,2,"Personally, The booking was confirmed but the court was not available. Booked in advance but had to wait too long.",Negative
245,U0186,4,"Honestly, Outstanding facilities, the best futsal court in the area. Warm-up area and changing rooms were clean and organized.",Positive
246,U0259,5,"In my opinion, Top notch futsal facility with very reasonable pricing. Staff guided us well before and after the match.",Positive
247,U0066,4,"In my opinion, Very clean court with friendly and helpful staff. Online booking confirmation was quick and accurate.",Positive
248,U0286,5,"Overall, Great place to play futsal with friends, highly satisfying. Played with friends on the weekend and everyone enjoyed it.",Positive
249,U0257,5,"Honestly, Excellent facilities and very well maintained courts. Booked for an evening game and everything was ready on time.",Positive
250,U0171,4,"From our experience, Wonderful experience, the court was in perfect shape. Staff guided us well before and after the match.",Positive
251,U0264,4,"Personally, Smooth booking process and an amazing playing experience. Warm-up area and changing rooms were clean and organized.",Positive
252,U0084,5,"In my opinion, The court was spacious, clean and well lit. Loved it! Staff guided us well before and after the match.",Positive
253,U0260,5,"From our experience, Very organized management and excellent playing surface. Staff guided us well before and after the match.",Positive
254,U0244,5,"In my opinion, The best futsal court I have ever played in Kathmandu! Warm-up area and changing rooms were clean and organized.",Positive
255,U0214,4,"Honestly, Loved the overall experience, clean courts and great staff. Warm-up area and changing rooms were clean and organized.",Positive
256,U0136,2,"Personally, Would not recommend this futsal center to anyone. Our session timing was not managed properly.",Negative
257,U0027,4,"Overall, Loved the overall experience, clean courts and great staff. Online booking confirmation was quick and accurate.",Positive
258,U0076,2,"Honestly, Poor experience overall, management needs improvement. We faced issues during check-in and support was slow.",Negative
259,U0098,1,"In my opinion, The court was dirty and very poorly maintained. The playing surface felt unsafe for fast movements.",Negative
260,U0078,5,"From our experience, Booking was easy and the experience was fantastic. Played with friends on the weekend and everyone enjoyed it.",Positive
261,U0032,2,"Personally, The court was double booked and we had to wait for hours. We faced issues during check-in and support was slow.",Negative
262,U0288,1,"Personally, The court was too small and the pricing was too high. The playing surface felt unsafe for fast movements.",Negative
263,U0161,2,"Personally, The artificial turf was torn and in bad condition. The playing surface felt unsafe for fast movements.",Negative
264,U0280,5,"Personally, Great place to play futsal with friends, highly satisfying. Warm-up area and changing rooms were clean and organized.",Positive
265,U0099,5,"Personally, The staff was very cooperative and the court was in perfect condition. Warm-up area and changing rooms were clean and organized.",Positive
266,U0116,2,"Overall, Very bad experience, the changing rooms were unclean. Changing rooms and wash areas were not properly cleaned.",Negative
267,U0163,5,"Personally, Wonderful experience, the court was in perfect shape. Warm-up area and changing rooms were clean and organized.",Positive
268,U0148,2,"Personally, Lights were not working properly during our session. Our session timing was not managed properly.",Negative
269,U0203,2,"In my opinion, Worst futsal center I have visited, very disappointing. We faced issues during check-in and support was slow.",Negative
270,U0148,1,"In my opinion, The court was double booked and we had to wait for hours. Booked in advance but had to wait too long.",Negative
271,U0132,5,"Overall, The court condition was perfect and staff was very helpful. Online booking confirmation was quick and accurate.",Positive
272,U0276,4,"In my opinion, Amazing experience, will definitely book again! Staff guided us well before and after the match.",Positive
273,U0056,4,"Overall, Perfect futsal court, smooth surface and great atmosphere. Staff guided us well before and after the match.",Positive
274,U0026,4,"Overall, Great value for money, will come back again for sure. Staff guided us well before and after the match.",Positive
275,U0027,4,"In my opinion, Very clean court with friendly and helpful staff. Online booking confirmation was quick and accurate.",Positive
276,U0052,5,"Honestly, Great value for money, will come back again for sure. Played with friends on the weekend and everyone enjoyed it.",Positive
277,U0209,1,"From our experience, Would not recommend this futsal center to anyone. The playing surface felt unsafe for fast movements.",Negative
278,U0148,4,"Honestly, Very professional management and excellent court maintenance. Warm-up area and changing rooms were clean and organized.",Positive
279,U0294,4,"Honestly, The staff was very cooperative and the court was in perfect condition. Staff guided us well before and after the match.",Positive
280,U0214,4,"From our experience, Best futsal center in Kathmandu, highly recommended! Booked for an evening game and everything was ready on time.",Positive
281,U0096,5,"Honestly, The court condition was perfect and staff was very helpful. Warm-up area and changing rooms were clean and organized.",Positive
282,U0153,1,"Honestly, The court was flooded and we could not play properly. Our session timing was not managed properly.",Negative
283,U0146,5,"Personally, Top notch futsal facility with very reasonable pricing. Staff guided us well before and after the match.",Positive
284,U0069,5,"In my opinion, Very organized management and excellent playing surface. Online booking confirmation was quick and accurate.",Positive
285,U0058,4,"From our experience, Very professional management and excellent court maintenance. Played with friends on the weekend and everyone enjoyed it.",Positive
286,U0096,2,"In my opinion, The court was dirty and very poorly maintained. Changing rooms and wash areas were not properly cleaned.",Negative
287,U0090,4,"From our experience, Perfect futsal court, smooth surface and great atmosphere. Online booking confirmation was quick and accurate.",Positive
288,U0045,5,"Overall, The court was spacious, clean and well lit. Loved it! Booked for an evening game and everything was ready on time.",Positive
289,U0245,1,"Honestly, The court was too small and the pricing was too high. We faced issues during check-in and support was slow.",Negative
290,U0197,2,"In my opinion, Terrible experience, the court surface was very slippery. The playing surface felt unsafe for fast movements.",Negative
291,U0155,2,"Honestly, The court was flooded and we could not play properly. Our session timing was not managed properly.",Negative
292,U0185,5,"Honestly, Fantastic court with excellent facilities and friendly staff. Played with friends on the weekend and everyone enjoyed it.",Positive
293,U0239,1,"From our experience, Very bad experience, the changing rooms were unclean. We faced issues during check-in and support was slow.",Negative
294,U0061,2,"In my opinion, Would not recommend this futsal center to anyone. Changing rooms and wash areas were not properly cleaned.",Negative
295,U0113,4,"Overall, Smooth booking process and an amazing playing experience. Online booking confirmation was quick and accurate.",Positive
296,U0192,2,"From our experience, Staff was very unprofessional and unhelpful throughout. Our session timing was not managed properly.",Negative
297,U0127,4,"Honestly, Great value for money, will come back again for sure. Staff guided us well before and after the match.",Positive
298,U0271,5,"Honestly, Fantastic court with excellent facilities and friendly staff. Warm-up area and changing rooms were clean and organized.",Positive
299,U0032,4,"Overall, Outstanding facilities, the best futsal court in the area. Staff guided us well before and after the match.",Positive
300,U0085,1,"From our experience, The court was too small and the pricing was too high. Our session timing was not managed properly.",Negative
301,U0106,4,"From our experience, Fantastic court with excellent facilities and friendly staff. Staff guided us well before and after the match.",Positive
302,U0262,1,"From our experience, Extremely poor maintenance, the goalposts were broken. Booked in advance but had to wait too long.",Negative
303,U0263,4,"Personally, Booking was easy and the experience was fantastic. Online booking confirmation was quick and accurate.",Positive
304,U0287,4,"Honestly, Top notch futsal facility with very reasonable pricing. Warm-up area and changing rooms were clean and organized.",Positive
305,U0131,5,"Personally, The best futsal court I have ever played in Kathmandu! Played with friends on the weekend and everyone enjoyed it.",Positive
306,U0024,1,"Honestly, Staff was very unprofessional and unhelpful throughout. Changing rooms and wash areas were not properly cleaned.",Negative
307,U0036,4,"In my opinion, Wonderful experience, the court was in perfect shape. Booked for an evening game and everything was ready on time.",Positive
308,U0093,2,"From our experience, Terrible experience, the staff was rude and unprofessional. We faced issues during check-in and support was slow.",Negative
309,U0196,5,"From our experience, Top notch futsal facility with very reasonable pricing. Online booking confirmation was quick and accurate.",Positive
310,U0277,4,"Honestly, Smooth booking process and an amazing playing experience. Warm-up area and changing rooms were clean and organized.",Positive
311,U0276,1,"Overall, The booking was confirmed but the court was not available. Our session timing was not managed properly.",Negative
312,U0002,1,"In my opinion, Terrible experience, the staff was rude and unprofessional. Booked in advance but had to wait too long.",Negative
313,U0279,2,"From our experience, Staff was very unprofessional and unhelpful throughout. Our session timing was not managed properly.",Negative
314,U0127,1,"Overall, Extremely poor maintenance, the goalposts were broken. Changing rooms and wash areas were not properly cleaned.",Negative
315,U0097,5,"Honestly, The court condition was perfect and staff was very helpful. Booked for an evening game and everything was ready on time.",Positive
316,U0009,2,"Honestly, Terrible experience, the court surface was very slippery. We faced issues during check-in and support was slow.",Negative
317,U0018,1,"Honestly, Extremely poor maintenance, the goalposts were broken. Our session timing was not managed properly.",Negative
318,U0023,1,"Overall, The booking was confirmed but the court was not available. The playing surface felt unsafe for fast movements.",Negative
319,U0029,4,"In my opinion, Smooth booking process and an amazing playing experience. Staff guided us well before and after the match.",Positive
320,U0295,4,"Personally, Very professional management and excellent court maintenance. Staff guided us well before and after the match.",Positive
321,U0122,5,"Personally, Loved the ambiance and the quality of the court surface. Played with friends on the weekend and everyone enjoyed it.",Positive
322,U0212,1,"Honestly, Very bad experience, the changing rooms were unclean. Changing rooms and wash areas were not properly cleaned.",Negative
323,U0219,1,"Honestly, Disappointed with the facilities, not worth the price at all. The playing surface felt unsafe for fast movements.",Negative
324,U0196,5,"From our experience, Very organized management and excellent playing surface. Warm-up area and changing rooms were clean and organized.",Positive
325,U0077,2,"Overall, Very bad experience, the changing rooms were unclean. The playing surface felt unsafe for fast movements.",Negative
326,U0124,5,"Overall, The staff was very cooperative and the court was in perfect condition. Warm-up area and changing rooms were clean and organized.",Positive
327,U0030,2,"From our experience, Disappointed with the facilities, not worth the price at all. The playing surface felt unsafe for fast movements.",Negative
328,U0199,4,"Overall, The staff was very cooperative and the court was in perfect condition. Warm-up area and changing rooms were clean and organized.",Positive
329,U0041,2,"Honestly, Extremely poor maintenance, the goalposts were broken. Changing rooms and wash areas were not properly cleaned.",Negative
330,U0027,4,"Personally, Amazing experience, will definitely book again! Online booking confirmation was quick and accurate.",Positive
331,U0038,4,"Personally, Affordable pricing with top quality court facilities. Staff guided us well before and after the match.",Positive
332,U0246,4,"In my opinion, Affordable pricing with top quality court facilities. Warm-up area and changing rooms were clean and organized.",Positive
333,U0109,1,"From our experience, Staff was unhelpful and the court was not clean at all. Booked in advance but had to wait too long.",Negative
334,U0105,4,"Personally, The court was spacious, clean and well lit. Loved it! Played with friends on the weekend and everyone enjoyed it.",Positive
335,U0145,2,"Personally, The booking was confirmed but the court was not available. The playing surface felt unsafe for fast movements.",Negative
336,U0158,2,"Personally, Poor management and the court was not ready on time. Changing rooms and wash areas were not properly cleaned.",Negative
337,U0239,5,"In my opinion, Very clean court with friendly and helpful staff. Online booking confirmation was quick and accurate.",Positive
338,U0190,1,"Honestly, The court was too small and the pricing was too high. The playing surface felt unsafe for fast movements.",Negative
339,U0075,4,"Personally, The best futsal court I have ever played in Kathmandu! Warm-up area and changing rooms were clean and organized.",Positive
340,U0152,5,"In my opinion, Smooth booking process and an amazing playing experience. Played with friends on the weekend and everyone enjoyed it.",Positive
341,U0195,4,"From our experience, Loved the overall experience, clean courts and great staff. Played with friends on the weekend and everyone enjoyed it.",Positive
342,U0132,5,"From our experience, One of the best futsal experiences I have had in Nepal. Online booking confirmation was quick and accurate.",Positive
343,U0087,5,"Overall, The court condition was perfect and staff was very helpful. Warm-up area and changing rooms were clean and organized.",Positive
344,U0280,4,"Personally, Wonderful experience, the court was in perfect shape. Played with friends on the weekend and everyone enjoyed it.",Positive
345,U0269,1,"Honestly, Booking process was confusing and staff was rude. Booked in advance but had to wait too long.",Negative
346,U0212,1,"Honestly, Very disappointing experience, will not come back. We faced issues during check-in and support was slow.",Negative
347,U0005,4,"From our experience, Affordable pricing with top quality court facilities. Staff guided us well before and after the match.",Positive
348,U0031,5,"From our experience, Perfect futsal court, smooth surface and great atmosphere. Staff guided us well before and after the match.",Positive
349,U0009,2,"Personally, The court was dirty and very poorly maintained. Our session timing was not managed properly.",Negative
350,U0007,2,"In my opinion, The court was dirty and very poorly maintained. Our session timing was not managed properly.",Negative
351,U0009,2,"Overall, Very noisy environment and the court was not well maintained. The playing surface felt unsafe for fast movements.",Negative
352,U0050,1,"Overall, Very noisy environment and the court was not well maintained. We faced issues during check-in and support was slow.",Negative
353,U0270,1,"In my opinion, Poor management and the court was not ready on time. Changing rooms and wash areas were not properly cleaned.",Negative
354,U0041,5,"From our experience, Great place to play futsal with friends, highly satisfying. Online booking confirmation was quick and accurate.",Positive
355,U0116,4,"Honestly, Loved the ambiance and the quality of the court surface. Booked for an evening game and everything was ready on time.",Positive
356,U0208,4,"Personally, The court was spacious, clean and well lit. Loved it! Online booking confirmation was quick and accurate.",Positive
357,U0029,2,"Overall, Would not recommend this futsal center to anyone. Booked in advance but had to wait too long.",Negative
358,U0256,1,"Personally, Staff was very unprofessional and unhelpful throughout. Changing rooms and wash areas were not properly cleaned.",Negative
359,U0271,4,"Overall, Excellent facilities and very well maintained courts. Played with friends on the weekend and everyone enjoyed it.",Positive
360,U0139,2,"In my opinion, Booking process was confusing and staff was rude. Booked in advance but had to wait too long.",Negative
361,U0092,1,"Overall, The court was too small and the pricing was too high. Booked in advance but had to wait too long.",Negative
362,U0204,4,"Overall, Great lighting and smooth artificial turf, loved it! Warm-up area and changing rooms were clean and organized.",Positive
363,U0291,4,"In my opinion, The court was spacious, clean and well lit. Loved it! Staff guided us well before and after the match.",Positive
364,U0072,5,"Personally, Fantastic court with excellent facilities and friendly staff. Booked for an evening game and everything was ready on time.",Positive
365,U0028,5,"Overall, Very clean court with friendly and helpful staff. Online booking confirmation was quick and accurate.",Positive
366,U0175,1,"Personally, Very bad lighting and the surface was dangerously slippery. Our session timing was not managed properly.",Negative
367,U0168,2,"From our experience, The court was dirty and very poorly maintained. Changing rooms and wash areas were not properly cleaned.",Negative
368,U0117,5,"From our experience, Great place to play futsal with friends, highly satisfying. Staff guided us well before and after the match.",Positive
369,U0096,2,"From our experience, Poor experience overall, management needs improvement. Our session timing was not managed properly.",Negative
370,U0152,1,"Honestly, Terrible experience, the court surface was very slippery. Booked in advance but had to wait too long.",Negative
371,U0079,5,"From our experience, The court was spacious, clean and well lit. Loved it! Played with friends on the weekend and everyone enjoyed it.",Positive
372,U0185,2,"Honestly, Lights were not working properly during our session. Booked in advance but had to wait too long.",Negative
373,U0228,5,"Honestly, Great place to play futsal with friends, highly satisfying. Warm-up area and changing rooms were clean and organized.",Positive
374,U0045,1,"From our experience, The artificial turf was torn and in bad condition. The playing surface felt unsafe for fast movements.",Negative
375,U0053,5,"In my opinion, The best futsal court I have ever played in Kathmandu! Booked for an evening game and everything was ready on time.",Positive
376,U0167,1,"In my opinion, The booking was confirmed but the court was not available. Booked in advance but had to wait too long.",Negative
377,U0199,2,"Personally, Terrible experience, the staff was rude and unprofessional. Booked in advance but had to wait too long.",Negative
378,U0293,4,"From our experience, Very organized management and excellent playing surface. Played with friends on the weekend and everyone enjoyed it.",Positive
379,U0072,4,"In my opinion, Amazing experience, will definitely book again! Warm-up area and changing rooms were clean and organized.",Positive
380,U0075,2,"From our experience, Overpriced for the poor quality of the court offered. We faced issues during check-in and support was slow.",Negative
381,U0216,2,"Honestly, Very bad experience, the changing rooms were unclean. The playing surface felt unsafe for fast movements.",Negative
382,U0129,5,"Personally, The staff was very cooperative and the court was in perfect condition. Online booking confirmation was quick and accurate.",Positive
383,U0235,4,"In my opinion, Very clean court with friendly and helpful staff. Played with friends on the weekend and everyone enjoyed it.",Positive
384,U0203,4,"From our experience, Very professional management and excellent court maintenance. Staff guided us well before and after the match.",Positive
385,U0226,2,"Personally, The court was too small and the pricing was too high. The playing surface felt unsafe for fast movements.",Negative
386,U0154,4,"Overall, Very professional management and excellent court maintenance. Staff guided us well before and after the match.",Positive
387,U0161,5,"In my opinion, Best futsal center in Kathmandu, highly recommended! Online booking confirmation was quick and accurate.",Positive
388,U0252,5,"In my opinion, Loved the overall experience, clean courts and great staff. Played with friends on the weekend and everyone enjoyed it.",Positive
389,U0144,5,"Honestly, The court was spacious, clean and well lit. Loved it! Warm-up area and changing rooms were clean and organized.",Positive
390,U0280,4,"Honestly, Best futsal center in Kathmandu, highly recommended! Staff guided us well before and after the match.",Positive
391,U0108,5,"Honestly, Top notch futsal facility with very reasonable pricing. Warm-up area and changing rooms were clean and organized.",Positive
392,U0256,2,"Overall, Very disappointing experience, will not come back. Changing rooms and wash areas were not properly cleaned.",Negative
393,U0079,5,"From our experience, Fantastic court with excellent facilities and friendly staff. Online booking confirmation was quick and accurate.",Positive
394,U0230,4,"Personally, Perfect futsal court, smooth surface and great atmosphere. Online booking confirmation was quick and accurate.",Positive
395,U0274,5,"Personally, Very organized management and excellent playing surface. Online booking confirmation was quick and accurate.",Positive
396,U0185,1,"Personally, The court was double booked and we had to wait for hours. Our session timing was not managed properly.",Negative
397,U0056,4,"In my opinion, One of the best futsal experiences I have had in Nepal. Played with friends on the weekend and everyone enjoyed it.",Positive
398,U0023,4,"In my opinion, Loved the overall experience, clean courts and great staff. Online booking confirmation was quick and accurate.",Positive
399,U0055,2,"In my opinion, The court was dirty and very poorly maintained. Booked in advance but had to wait too long.",Negative
400,U0262,1,"Personally, Very unhygienic changing rooms and poor court condition. Our session timing was not managed properly.",Negative
401,U0229,1,"From our experience, Worst futsal center I have visited, very disappointing. The playing surface felt unsafe for fast movements.",Negative
402,U0177,4,"Honestly, The best futsal court I have ever played in Kathmandu! Online booking confirmation was quick and accurate.",Positive
403,U0213,5,"Overall, Great lighting and smooth artificial turf, loved it! Booked for an evening game and everything was ready on time.",Positive
404,U0160,5,"Overall, Very professional management and excellent court maintenance. Online booking confirmation was quick and accurate.",Positive
405,U0179,2,"From our experience, Terrible court condition and very poor customer service. Booked in advance but had to wait too long.",Negative
406,U0164,5,"Honestly, Great lighting and smooth artificial turf, loved it! Warm-up area and changing rooms were clean and organized.",Positive
407,U0012,4,"Overall, Very professional management and excellent court maintenance. Booked for an evening game and everything was ready on time.",Positive
408,U0265,1,"Overall, The artificial turf was torn and in bad condition. Our session timing was not managed properly.",Negative
409,U0287,2,"Overall, Staff was very unprofessional and unhelpful throughout. The playing surface felt unsafe for fast movements.",Negative
410,U0095,5,"From our experience, Best futsal center in Kathmandu, highly recommended! Online booking confirmation was quick and accurate.",Positive
411,U0102,4,"From our experience, Top notch futsal facility with very reasonable pricing. Staff guided us well before and after the match.",Positive
412,U0003,5,"Overall, Fantastic court with excellent facilities and friendly staff. Played with friends on the weekend and everyone enjoyed it.",Positive
413,U0033,2,"Personally, The court was flooded and we could not play properly. Booked in advance but had to wait too long.",Negative
414,U0188,4,"From our experience, Very professional management and excellent court maintenance. Played with friends on the weekend and everyone enjoyed it.",Positive
415,U0135,4,"Personally, Great value for money, will come back again for sure. Online booking confirmation was quick and accurate.",Positive
416,U0199,5,"Personally, Perfect futsal court, smooth surface and great atmosphere. Online booking confirmation was quick and accurate.",Positive
417,U0179,4,"Personally, Great place to play futsal with friends, highly satisfying. Online booking confirmation was quick and accurate.",Positive
418,U0153,4,"Honestly, Perfect futsal court, smooth surface and great atmosphere. Staff guided us well before and after the match.",Positive
419,U0161,1,"In my opinion, Lights were not working properly during our session. We faced issues during check-in and support was slow.",Negative
420,U0094,1,"Personally, Worst futsal center I have visited, very disappointing. We faced issues during check-in and support was slow.",Negative
421,U0215,2,"Personally, Very bad lighting and the surface was dangerously slippery. We faced issues during check-in and support was slow.",Negative
422,U0217,5,"Personally, Best futsal center in Kathmandu, highly recommended! Online booking confirmation was quick and accurate.",Positive
423,U0285,1,"In my opinion, The artificial turf was torn and in bad condition. The playing surface felt unsafe for fast movements.",Negative
424,U0096,1,"Personally, The court was too small and the pricing was too high. The playing surface felt unsafe for fast movements.",Negative
425,U0184,1,"Overall, The court was dirty and very poorly maintained. The playing surface felt unsafe for fast movements.",Negative
426,U0197,1,"From our experience, Disappointed with the facilities, not worth the price at all. Our session timing was not managed properly.",Negative
427,U0252,2,"From our experience, Staff was very unprofessional and unhelpful throughout. The playing surface felt unsafe for fast movements.",Negative
428,U0043,1,"Overall, The court was flooded and we could not play properly. Booked in advance but had to wait too long.",Negative
429,U0017,2,"Personally, Poor management and the court was not ready on time. We faced issues during check-in and support was slow.",Negative
430,U0087,2,"Personally, Terrible experience, the staff was rude and unprofessional. The playing surface felt unsafe for fast movements.",Negative
431,U0282,5,"Personally, Very organized management and excellent playing surface. Booked for an evening game and everything was ready on time.",Positive
432,U0138,4,"In my opinion, One of the best futsal experiences I have had in Nepal. Staff guided us well before and after the match.",Positive
433,U0226,1,"From our experience, Disappointed with the facilities, not worth the price at all. We faced issues during check-in and support was slow.",Negative
434,U0127,1,"From our experience, Very bad experience, the changing rooms were unclean. Booked in advance but had to wait too long.",Negative
435,U0179,2,"Honestly, Overpriced for the poor quality of the court offered. The playing surface felt unsafe for fast movements.",Negative
436,U0108,1,"In my opinion, Very unhygienic changing rooms and poor court condition. Our session timing was not managed properly.",Negative
437,U0085,5,"Overall, Perfect futsal court, smooth surface and great atmosphere. Played with friends on the weekend and everyone enjoyed it.",Positive
438,U0031,4,"Personally, Loved the overall experience, clean courts and great staff. Warm-up area and changing rooms were clean and organized.",Positive
439,U0276,2,"In my opinion, The artificial turf was torn and in bad condition. Changing rooms and wash areas were not properly cleaned.",Negative
440,U0294,5,"Honestly, Amazing experience, will definitely book again! Staff guided us well before and after the match.",Positive
441,U0211,4,"Overall, Excellent facilities and very well maintained courts. Warm-up area and changing rooms were clean and organized.",Positive
442,U0128,4,"Overall, Smooth booking process and an amazing playing experience. Warm-up area and changing rooms were clean and organized.",Positive
443,U0251,2,"In my opinion, Very disappointing experience, will not come back. Our session timing was not managed properly.",Negative
444,U0193,2,"Honestly, Extremely poor maintenance, the goalposts were broken. Booked in advance but had to wait too long.",Negative
445,U0264,5,"In my opinion, The court condition was perfect and staff was very helpful. Warm-up area and changing rooms were clean and organized.",Positive
446,U0250,2,"Honestly, The court was too small and the pricing was too high. Our session timing was not managed properly.",Negative
447,U0235,1,"Honestly, Would not recommend this futsal center to anyone. Changing rooms and wash areas were not properly cleaned.",Negative
448,U0112,2,"From our experience, Staff was very unprofessional and unhelpful throughout. We faced issues during check-in and support was slow.",Negative
449,U0166,5,"Personally, Loved the ambiance and the quality of the court surface. Warm-up area and changing rooms were clean and organized.",Positive
450,U0290,1,"Honestly, Terrible court condition and very poor customer service. Changing rooms and wash areas were not properly cleaned.",Negative
451,U0051,4,"Honestly, Highly satisfied with the booking and playing experience. Online booking confirmation was quick and accurate.",Positive
452,U0081,4,"Honestly, Top notch futsal facility with very reasonable pricing. Online booking confirmation was quick and accurate.",Positive
453,U0104,2,"In my opinion, The court was double booked and we had to wait for hours. We faced issues during check-in and support was slow.",Negative
454,U0141,4,"In my opinion, Great lighting and smooth artificial turf, loved it! Warm-up area and changing rooms were clean and organized.",Positive
455,U0191,1,"Honestly, Poor experience overall, management needs improvement. We faced issues during check-in and support was slow.",Negative
456,U0157,5,"From our experience, The court condition was perfect and staff was very helpful. Played with friends on the weekend and everyone enjoyed it.",Positive
457,U0049,1,"From our experience, The court was dirty and very poorly maintained. We faced issues during check-in and support was slow.",Negative
458,U0068,4,"Personally, Loved the overall experience, clean courts and great staff. Played with friends on the weekend and everyone enjoyed it.",Positive
459,U0005,2,"Honestly, The court was dirty and very poorly maintained. Changing rooms and wash areas were not properly cleaned.",Negative
460,U0068,2,"Overall, Terrible court condition and very poor customer service. Booked in advance but had to wait too long.",Negative
461,U0046,2,"Honestly, Very unhygienic changing rooms and poor court condition. Booked in advance but had to wait too long.",Negative
462,U0189,5,"From our experience, Loved the ambiance and the quality of the court surface. Played with friends on the weekend and everyone enjoyed it.",Positive
463,U0074,1,"Personally, Overpriced for the poor quality of the court offered. Our session timing was not managed properly.",Negative
464,U0085,4,"Overall, Top notch futsal facility with very reasonable pricing. Warm-up area and changing rooms were clean and organized.",Positive
465,U0211,4,"Overall, Perfect futsal court, smooth surface and great atmosphere. Online booking confirmation was quick and accurate.",Positive
466,U0052,4,"Personally, Smooth booking process and an amazing playing experience. Booked for an evening game and everything was ready on time.",Positive
467,U0180,5,"Overall, Booking was easy and the experience was fantastic. Warm-up area and changing rooms were clean and organized.",Positive
468,U0142,1,"Overall, Would not recommend this futsal center to anyone. Booked in advance but had to wait too long.",Negative
469,U0014,5,"Overall, Great value for money, will come back again for sure. Warm-up area and changing rooms were clean and organized.",Positive
470,U0201,4,"Overall, Loved the ambiance and the quality of the court surface. Booked for an evening game and everything was ready on time.",Positive
471,U0198,2,"From our experience, Lights were not working properly during our session. We faced issues during check-in and support was slow.",Negative
472,U0271,4,"In my opinion, The best futsal court I have ever played in Kathmandu! Warm-up area and changing rooms were clean and organized.",Positive
473,U0199,4,"In my opinion, Loved the overall experience, clean courts and great staff. Online booking confirmation was quick and accurate.",Positive
474,U0242,1,"Honestly, Terrible experience, the staff was rude and unprofessional. Booked in advance but had to wait too long.",Negative
475,U0008,4,"Honestly, Amazing experience, will definitely book again! Played with friends on the weekend and everyone enjoyed it.",Positive
476,U0204,1,"Personally, Very noisy environment and the court was not well maintained. Changing rooms and wash areas were not properly cleaned.",Negative
477,U0217,2,"Honestly, The court was double booked and we had to wait for hours. The playing surface felt unsafe for fast movements.",Negative
478,U0143,1,"Honestly, Overpriced for the poor quality of the court offered. Changing rooms and wash areas were not properly cleaned.",Negative
479,U0080,1,"From our experience, Disappointed with the facilities, not worth the price at all. Changing rooms and wash areas were not properly cleaned.",Negative
480,U0159,1,"Overall, The court was double booked and we had to wait for hours. The playing surface felt unsafe for fast movements.",Negative
481,U0126,4,"Honestly, Great lighting and smooth artificial turf, loved it! Online booking confirmation was quick and accurate.",Positive
482,U0029,5,"Honestly, Loved the ambiance and the quality of the court surface. Played with friends on the weekend and everyone enjoyed it.",Positive
483,U0071,1,"Overall, The court was double booked and we had to wait for hours. Booked in advance but had to wait too long.",Negative
484,U0178,5,"In my opinion, Very organized management and excellent playing surface. Staff guided us well before and after the match.",Positive
485,U0191,1,"Honestly, Very disappointing experience, will not come back. Changing rooms and wash areas were not properly cleaned.",Negative
486,U0172,4,"Personally, Booking was easy and the experience was fantastic. Warm-up area and changing rooms were clean and organized.",Positive
487,U0135,4,"Honestly, Fantastic court with excellent facilities and friendly staff. Staff guided us well before and after the match.",Positive
488,U0234,2,"Honestly, Very noisy environment and the court was not well maintained. Changing rooms and wash areas were not properly cleaned.",Negative
489,U0291,2,"Overall, The artificial turf was torn and in bad condition. Changing rooms and wash areas were not properly cleaned.",Negative
490,U0053,5,"Overall, Loved the overall experience, clean courts and great staff. Booked for an evening game and everything was ready on time.",Positive
491,U0023,1,"Honestly, The court was dirty and very poorly maintained. We faced issues during check-in and support was slow.",Negative
492,U0187,2,"Overall, The booking was confirmed but the court was not available. We faced issues during check-in and support was slow.",Negative
493,U0284,4,"Overall, Fantastic court with excellent facilities and friendly staff. Online booking confirmation was quick and accurate.",Positive
494,U0128,5,"In my opinion, Booking was easy and the experience was fantastic. Warm-up area and changing rooms were clean and organized.",Positive
495,U0293,4,"Personally, Great place to play futsal with friends, highly satisfying. Booked for an evening game and everything was ready on time.",Positive
496,U0092,1,"Honestly, Terrible experience, the court surface was very slippery. Our session timing was not managed properly.",Negative
497,U0036,5,"In my opinion, Top notch futsal facility with very reasonable pricing. Warm-up area and changing rooms were clean and organized.",Positive
498,U0045,5,"Honestly, Outstanding facilities, the best futsal court in the area. Online booking confirmation was quick and accurate.",Positive
499,U0103,5,"In my opinion, Loved the ambiance and the quality of the court surface. Staff guided us well before and after the match.",Positive
500,U0238,4,"From our experience, Great place to play futsal with friends, highly satisfying. Staff guided us well before and after the match.",Positive
501,U0280,1,"Overall, Terrible experience, the staff was rude and unprofessional. We faced issues during check-in and support was slow.",Negative
502,U0210,1,"Personally, The court was dirty and very poorly maintained. We faced issues during check-in and support was slow.",Negative
503,U0005,2,"From our experience, The court was too small and the pricing was too high. Booked in advance but had to wait too long.",Negative
504,U0054,5,"Overall, Affordable pricing with top quality court facilities. Staff guided us well before and after the match.",Positive
505,U0252,5,"In my opinion, Excellent facilities and very well maintained courts. Played with friends on the weekend and everyone enjoyed it.",Positive
506,U0023,4,"From our experience, The staff was very cooperative and the court was in perfect condition. Staff guided us well before and after the match.",Positive
507,U0235,2,"Personally, Very unhygienic changing rooms and poor court condition. Booked in advance but had to wait too long.",Negative
508,U0259,4,"Honestly, Smooth booking process and an amazing playing experience. Online booking confirmation was quick and accurate.",Positive
509,U0223,4,"Overall, Great value for money, will come back again for sure. Played with friends on the weekend and everyone enjoyed it.",Positive
510,U0134,5,"In my opinion, Very professional management and excellent court maintenance. Online booking confirmation was quick and accurate.",Positive
511,U0232,2,"Honestly, Poor management and the court was not ready on time. We faced issues during check-in and support was slow.",Negative
512,U0070,4,"Honestly, One of the best futsal experiences I have had in Nepal. Staff guided us well before and after the match.",Positive
513,U0055,4,"From our experience, Best futsal center in Kathmandu, highly recommended! Online booking confirmation was quick and accurate.",Positive
514,U0209,5,"In my opinion, Very clean court with friendly and helpful staff. Staff guided us well before and after the match.",Positive
515,U0232,4,"In my opinion, Loved the ambiance and the quality of the court surface. Online booking confirmation was quick and accurate.",Positive
516,U0047,4,"Personally, Best futsal center in Kathmandu, highly recommended! Warm-up area and changing rooms were clean and organized.",Positive
517,U0111,4,"Honestly, Very professional management and excellent court maintenance. Played with friends on the weekend and everyone enjoyed it.",Positive
518,U0183,4,"Honestly, The court was spacious, clean and well lit. Loved it! Staff guided us well before and after the match.",Positive
519,U0134,5,"From our experience, Best futsal center in Kathmandu, highly recommended! Booked for an evening game and everything was ready on time.",Positive
520,U0285,5,"Overall, The court condition was perfect and staff was very helpful. Staff guided us well before and after the match.",Positive
521,U0237,1,"Honestly, Lights were not working properly during our session. We faced issues during check-in and support was slow.",Negative
522,U0032,1,"Overall, Terrible experience, the staff was rude and unprofessional. We faced issues during check-in and support was slow.",Negative
523,U0206,1,"Personally, Worst futsal center I have visited, very disappointing. Booked in advance but had to wait too long.",Negative
524,U0039,5,"Overall, The best futsal court I have ever played in Kathmandu! Booked for an evening game and everything was ready on time.",Positive
525,U0066,5,"Honestly, Great lighting and smooth artificial turf, loved it! Warm-up area and changing rooms were clean and organized.",Positive
526,U0237,4,"Personally, Excellent facilities and very well maintained courts. Played with friends on the weekend and everyone enjoyed it.",Positive
527,U0203,2,"From our experience, Terrible court condition and very poor customer service. Booked in advance but had to wait too long.",Negative
528,U0089,5,"Overall, Great place to play futsal with friends, highly satisfying. Played with friends on the weekend and everyone enjoyed it.",Positive
529,U0144,5,"Honestly, Top notch futsal facility with very reasonable pricing. Played with friends on the weekend and everyone enjoyed it.",Positive
530,U0152,1,"Personally, Terrible court condition and very poor customer service. The playing surface felt unsafe for fast movements.",Negative
531,U0032,2,"From our experience, Overpriced for the poor quality of the court offered. Changing rooms and wash areas were not properly cleaned.",Negative
532,U0215,1,"Overall, Staff was unhelpful and the court was not clean at all. Our session timing was not managed properly.",Negative
533,U0196,1,"From our experience, The court was double booked and we had to wait for hours. Changing rooms and wash areas were not properly cleaned.",Negative
534,U0177,2,"In my opinion, The court was flooded and we could not play properly. Our session timing was not managed properly.",Negative
535,U0139,5,"In my opinion, Best futsal center in Kathmandu, highly recommended! Booked for an evening game and everything was ready on time.",Positive
536,U0016,1,"Honestly, Terrible experience, the staff was rude and unprofessional. Changing rooms and wash areas were not properly cleaned.",Negative
537,U0272,2,"Overall, Worst futsal center I have visited, very disappointing. Our session timing was not managed properly.",Negative
538,U0052,4,"In my opinion, The staff was very cooperative and the court was in perfect condition. Played with friends on the weekend and everyone enjoyed it.",Positive
539,U0113,1,"In my opinion, The court was flooded and we could not play properly. The playing surface felt unsafe for fast movements.",Negative
540,U0091,1,"In my opinion, Terrible experience, the court surface was very slippery. Our session timing was not managed properly.",Negative
541,U0015,5,"Personally, Fantastic court with excellent facilities and friendly staff. Warm-up area and changing rooms were clean and organized.",Positive
542,U0289,4,"Personally, Affordable pricing with top quality court facilities. Online booking confirmation was quick and accurate.",Positive
543,U0090,5,"Honestly, Wonderful experience, the court was in perfect shape. Booked for an evening game and everything was ready on time.",Positive
544,U0120,4,"Honestly, Perfect futsal court, smooth surface and great atmosphere. Played with friends on the weekend and everyone enjoyed it.",Positive
545,U0001,5,"Overall, Very professional management and excellent court maintenance. Staff guided us well before and after the match.",Positive
546,U0175,1,"In my opinion, The court was double booked and we had to wait for hours. We faced issues during check-in and support was slow.",Negative
547,U0012,4,"Overall, Smooth booking process and an amazing playing experience. Staff guided us well before and after the match.",Positive
548,U0270,4,"In my opinion, Great place to play futsal with friends, highly satisfying. Booked for an evening game and everything was ready on time.",Positive
549,U0052,2,"In my opinion, The court was too small and the pricing was too high. Changing rooms and wash areas were not properly cleaned.",Negative
550,U0081,1,"From our experience, Very unhygienic changing rooms and poor court condition. The playing surface felt unsafe for fast movements.",Negative
551,U0090,2,"Personally, The court was double booked and we had to wait for hours. Our session timing was not managed properly.",Negative
552,U0115,5,"Overall, Great value for money, will come back again for sure. Staff guided us well before and after the match.",Positive
553,U0158,5,"Overall, The court condition was perfect and staff was very helpful. Warm-up area and changing rooms were clean and organized.",Positive
554,U0001,1,"From our experience, The court was double booked and we had to wait for hours. Our session timing was not managed properly.",Negative
555,U0094,4,"Personally, Perfect futsal court, smooth surface and great atmosphere. Warm-up area and changing rooms were clean and organized.",Positive
556,U0290,4,"Overall, Very clean court with friendly and helpful staff. Online booking confirmation was quick and accurate.",Positive
557,U0040,5,"In my opinion, The staff was very cooperative and the court was in perfect condition. Warm-up area and changing rooms were clean and organized.",Positive
558,U0046,1,"From our experience, The court was double booked and we had to wait for hours. Changing rooms and wash areas were not properly cleaned.",Negative
559,U0136,4,"Honestly, Affordable pricing with top quality court facilities. Played with friends on the weekend and everyone enjoyed it.",Positive
560,U0132,5,"Honestly, Very clean court with friendly and helpful staff. Booked for an evening game and everything was ready on time.",Positive
561,U0225,2,"Overall, Very unhygienic changing rooms and poor court condition. The playing surface felt unsafe for fast movements.",Negative
562,U0253,2,"Personally, The booking was confirmed but the court was not available. Changing rooms and wash areas were not properly cleaned.",Negative
563,U0052,5,"Overall, Wonderful experience, the court was in perfect shape. Staff guided us well before and after the match.",Positive
564,U0232,1,"In my opinion, Overpriced for the poor quality of the court offered. Booked in advance but had to wait too long.",Negative
565,U0164,1,"Honestly, Poor management and the court was not ready on time. Booked in advance but had to wait too long.",Negative
566,U0088,2,"Honestly, The booking was confirmed but the court was not available. We faced issues during check-in and support was slow.",Negative
567,U0174,1,"From our experience, Very bad lighting and the surface was dangerously slippery. Our session timing was not managed properly.",Negative
568,U0221,4,"Personally, Highly satisfied with the booking and playing experience. Played with friends on the weekend and everyone enjoyed it.",Positive
569,U0081,5,"In my opinion, Excellent facilities and very well maintained courts. Booked for an evening game and everything was ready on time.",Positive
570,U0098,4,"Personally, Booking was easy and the experience was fantastic. Staff guided us well before and after the match.",Positive
571,U0145,5,"Honestly, Loved the ambiance and the quality of the court surface. Played with friends on the weekend and everyone enjoyed it.",Positive
572,U0202,4,"From our experience, Loved the overall experience, clean courts and great staff. Staff guided us well before and after the match.",Positive
573,U0028,1,"From our experience, Worst futsal center I have visited, very disappointing. Booked in advance but had to wait too long.",Negative
574,U0151,1,"From our experience, Poor experience overall, management needs improvement. Our session timing was not managed properly.",Negative
575,U0050,4,"Overall, The best futsal court I have ever played in Kathmandu! Played with friends on the weekend and everyone enjoyed it.",Positive
576,U0042,5,"In my opinion, Wonderful experience, the court was in perfect shape. Booked for an evening game and everything was ready on time.",Positive
577,U0242,2,"Honestly, Terrible court condition and very poor customer service. Changing rooms and wash areas were not properly cleaned.",Negative
578,U0095,5,"In my opinion, Great place to play futsal with friends, highly satisfying. Online booking confirmation was quick and accurate.",Positive
579,U0229,4,"From our experience, Excellent facilities and very well maintained courts. Warm-up area and changing rooms were clean and organized.",Positive
580,U0135,5,"Personally, The staff was very cooperative and the court was in perfect condition. Warm-up area and changing rooms were clean and organized.",Positive
581,U0078,1,"Honestly, Terrible experience, the staff was rude and unprofessional. Booked in advance but had to wait too long.",Negative
582,U0278,5,"Overall, Booking was easy and the experience was fantastic. Staff guided us well before and after the match.",Positive
583,U0199,1,"Personally, Very noisy environment and the court was not well maintained. The playing surface felt unsafe for fast movements.",Negative
584,U0294,5,"In my opinion, The staff was very cooperative and the court was in perfect condition. Online booking confirmation was quick and accurate.",Positive
585,U0203,1,"Personally, The court was double booked and we had to wait for hours. Booked in advance but had to wait too long.",Negative
586,U0062,1,"Overall, Terrible experience, the staff was rude and unprofessional. The playing surface felt unsafe for fast movements.",Negative
587,U0109,1,"Honestly, Staff was unhelpful and the court was not clean at all. We faced issues during check-in and support was slow.",Negative
588,U0041,5,"Overall, Great value for money, will come back again for sure. Online booking confirmation was quick and accurate.",Positive
589,U0133,4,"Honestly, Very professional management and excellent court maintenance. Booked for an evening game and everything was ready on time.",Positive
590,U0285,2,"In my opinion, The booking was confirmed but the court was not available. Our session timing was not managed properly.",Negative
591,U0267,2,"Personally, Extremely poor maintenance, the goalposts were broken. Booked in advance but had to wait too long.",Negative
592,U0058,5,"Overall, Booking was easy and the experience was fantastic. Played with friends on the weekend and everyone enjoyed it.",Positive
593,U0055,1,"In my opinion, The court was flooded and we could not play properly. Booked in advance but had to wait too long.",Negative
594,U0211,2,"From our experience, Poor management and the court was not ready on time. The playing surface felt unsafe for fast movements.",Negative
595,U0020,2,"From our experience, The artificial turf was torn and in bad condition. Changing rooms and wash areas were not properly cleaned.",Negative
596,U0206,1,"In my opinion, Booking process was confusing and staff was rude. The playing surface felt unsafe for fast movements.",Negative
597,U0026,1,"In my opinion, Very unhygienic changing rooms and poor court condition. The playing surface felt unsafe for fast movements.",Negative
598,U0011,5,"In my opinion, Very professional management and excellent court maintenance. Warm-up area and changing rooms were clean and organized.",Positive
599,U0252,5,"Overall, Fantastic court with excellent facilities and friendly staff. Booked for an evening game and everything was ready on time.",Positive
600,U0154,1,"In my opinion, Very unhygienic changing rooms and poor court condition. The playing surface felt unsafe for fast movements.",Negative
601,U0214,2,"Overall, Very bad lighting and the surface was dangerously slippery. Booked in advance but had to wait too long.",Negative
602,U0109,5,"Personally, Booking was easy and the experience was fantastic. Online booking confirmation was quick and accurate.",Positive
603,U0029,5,"Honestly, Very organized management and excellent playing surface. Played with friends on the weekend and everyone enjoyed it.",Positive
604,U0260,2,"Personally, The booking was confirmed but the court was not available. We faced issues during check-in and support was slow.",Negative
605,U0089,4,"Honestly, Affordable pricing with top quality court facilities. Played with friends on the weekend and everyone enjoyed it.",Positive
606,U0017,4,"In my opinion, Top notch futsal facility with very reasonable pricing. Booked for an evening game and everything was ready on time.",Positive
607,U0141,4,"Personally, Great place to play futsal with friends, highly satisfying. Online booking confirmation was quick and accurate.",Positive
608,U0064,2,"Overall, Poor experience overall, management needs improvement. Booked in advance but had to wait too long.",Negative
609,U0251,2,"Overall, Very bad lighting and the surface was dangerously slippery. The playing surface felt unsafe for fast movements.",Negative
610,U0283,5,"Overall, Great place to play futsal with friends, highly satisfying. Warm-up area and changing rooms were clean and organized.",Positive
611,U0047,2,"From our experience, Very bad experience, the changing rooms were unclean. Booked in advance but had to wait too long.",Negative
612,U0084,4,"Overall, Loved the overall experience, clean courts and great staff. Played with friends on the weekend and everyone enjoyed it.",Positive
613,U0106,4,"Personally, Amazing experience, will definitely book again! Online booking confirmation was quick and accurate.",Positive
614,U0005,1,"Overall, Terrible court condition and very poor customer service. We faced issues during check-in and support was slow.",Negative
615,U0115,1,"In my opinion, Poor management and the court was not ready on time. Our session timing was not managed properly.",Negative
616,U0217,2,"From our experience, The booking was confirmed but the court was not available. Changing rooms and wash areas were not properly cleaned.",Negative
617,U0112,2,"Personally, Extremely poor maintenance, the goalposts were broken. Changing rooms and wash areas were not properly cleaned.",Negative
618,U0300,2,"Personally, Lights were not working properly during our session. Booked in advance but had to wait too long.",Negative
619,U0288,5,"Personally, Highly satisfied with the booking and playing experience. Staff guided us well before and after the match.",Positive
620,U0153,5,"From our experience, Great value for money, will come back again for sure. Booked for an evening game and everything was ready on time.",Positive
621,U0173,1,"In my opinion, Poor management and the court was not ready on time. Changing rooms and wash areas were not properly cleaned.",Negative
622,U0153,2,"Personally, Staff was unhelpful and the court was not clean at all. We faced issues during check-in and support was slow.",Negative
623,U0030,1,"In my opinion, Very bad lighting and the surface was dangerously slippery. The playing surface felt unsafe for fast movements.",Negative
624,U0014,1,"In my opinion, Would not recommend this futsal center to anyone. The playing surface felt unsafe for fast movements.",Negative
625,U0215,5,"Honestly, The court was spacious, clean and well lit. Loved it! Online booking confirmation was quick and accurate.",Positive
626,U0176,4,"Personally, The court condition was perfect and staff was very helpful. Played with friends on the weekend and everyone enjoyed it.",Positive
627,U0184,5,"Overall, Very organized management and excellent playing surface. Warm-up area and changing rooms were clean and organized.",Positive
628,U0151,1,"Overall, Lights were not working properly during our session. The playing surface felt unsafe for fast movements.",Negative
629,U0287,2,"In my opinion, Terrible experience, the staff was rude and unprofessional. We faced issues during check-in and support was slow.",Negative
630,U0114,1,"In my opinion, Worst futsal center I have visited, very disappointing. We faced issues during check-in and support was slow.",Negative
631,U0170,5,"Personally, Great place to play futsal with friends, highly satisfying. Warm-up area and changing rooms were clean and organized.",Positive
632,U0238,5,"Honestly, Very clean court with friendly and helpful staff. Online booking confirmation was quick and accurate.",Positive
633,U0242,1,"Honestly, Staff was unhelpful and the court was not clean at all. Our session timing was not managed properly.",Negative
634,U0272,2,"Honestly, Very bad experience, the changing rooms were unclean. The playing surface felt unsafe for fast movements.",Negative
635,U0071,1,"From our experience, Staff was unhelpful and the court was not clean at all. Changing rooms and wash areas were not properly cleaned.",Negative
636,U0074,2,"Honestly, The court was too small and the pricing was too high. We faced issues during check-in and support was slow.",Negative
637,U0171,2,"In my opinion, Would not recommend this futsal center to anyone. We faced issues during check-in and support was slow.",Negative
638,U0003,4,"Overall, Top notch futsal facility with very reasonable pricing. Warm-up area and changing rooms were clean and organized.",Positive
639,U0296,1,"From our experience, Terrible experience, the staff was rude and unprofessional. We faced issues during check-in and support was slow.",Negative
640,U0067,1,"From our experience, Very bad lighting and the surface was dangerously slippery. The playing surface felt unsafe for fast movements.",Negative
641,U0220,5,"Honestly, Wonderful experience, the court was in perfect shape. Online booking confirmation was quick and accurate.",Positive
642,U0274,4,"Honestly, Affordable pricing with top quality court facilities. Warm-up area and changing rooms were clean and organized.",Positive
643,U0272,2,"Honestly, Staff was unhelpful and the court was not clean at all. Booked in advance but had to wait too long.",Negative
644,U0116,1,"In my opinion, The court was double booked and we had to wait for hours. Changing rooms and wash areas were not properly cleaned.",Negative
645,U0053,1,"Personally, The booking was confirmed but the court was not available. Our session timing was not managed properly.",Negative
646,U0086,2,"In my opinion, Overpriced for the poor quality of the court offered. Booked in advance but had to wait too long.",Negative
647,U0234,5,"Personally, The court condition was perfect and staff was very helpful. Staff guided us well before and after the match.",Positive
648,U0223,5,"In my opinion, Great value for money, will come back again for sure. Played with friends on the weekend and everyone enjoyed it.",Positive
649,U0184,2,"Overall, Terrible experience, the staff was rude and unprofessional. We faced issues during check-in and support was slow.",Negative
650,U0010,5,"Overall, The staff was very cooperative and the court was in perfect condition. Played with friends on the weekend and everyone enjoyed it.",Positive
651,U0012,4,"Overall, Loved the overall experience, clean courts and great staff. Staff guided us well before and after the match.",Positive
652,U0188,1,"From our experience, The court was double booked and we had to wait for hours. Booked in advance but had to wait too long.",Negative
653,U0274,2,"Personally, Very bad lighting and the surface was dangerously slippery. Booked in advance but had to wait too long.",Negative
654,U0056,4,"Honestly, Highly satisfied with the booking and playing experience. Booked for an evening game and everything was ready on time.",Positive
655,U0214,4,"Honestly, Top notch futsal facility with very reasonable pricing. Online booking confirmation was quick and accurate.",Positive
656,U0243,2,"Overall, The court was double booked and we had to wait for hours. We faced issues during check-in and support was slow.",Negative
657,U0155,4,"Personally, Booking was easy and the experience was fantastic. Booked for an evening game and everything was ready on time.",Positive
658,U0071,5,"Personally, Booking was easy and the experience was fantastic. Booked for an evening game and everything was ready on time.",Positive
659,U0145,1,"From our experience, Lights were not working properly during our session. Booked in advance but had to wait too long.",Negative
660,U0103,4,"Personally, One of the best futsal experiences I have had in Nepal. Warm-up area and changing rooms were clean and organized.",Positive
661,U0184,1,"In my opinion, The court was double booked and we had to wait for hours. The playing surface felt unsafe for fast movements.",Negative
662,U0021,1,"Overall, Disappointed with the facilities, not worth the price at all. The playing surface felt unsafe for fast movements.",Negative
663,U0170,5,"Honestly, The staff was very cooperative and the court was in perfect condition. Booked for an evening game and everything was ready on time.",Positive
664,U0057,4,"Overall, Loved the overall experience, clean courts and great staff. Online booking confirmation was quick and accurate.",Positive
665,U0262,1,"In my opinion, Overpriced for the poor quality of the court offered. Booked in advance but had to wait too long.",Negative
666,U0234,1,"From our experience, Very bad experience, the changing rooms were unclean. Changing rooms and wash areas were not properly cleaned.",Negative
667,U0052,4,"In my opinion, Best futsal center in Kathmandu, highly recommended! Booked for an evening game and everything was ready on time.",Positive
668,U0161,5,"Honestly, Booking was easy and the experience was fantastic. Booked for an evening game and everything was ready on time.",Positive
669,U0005,1,"In my opinion, Very disappointing experience, will not come back. We faced issues during check-in and support was slow.",Negative
670,U0225,5,"Honestly, Perfect futsal court, smooth surface and great atmosphere. Warm-up area and changing rooms were clean and organized.",Positive
671,U0176,2,"From our experience, The artificial turf was torn and in bad condition. Booked in advance but had to wait too long.",Negative
672,U0234,2,"From our experience, Poor management and the court was not ready on time. The playing surface felt unsafe for fast movements.",Negative
673,U0086,5,"Honestly, Very clean court with friendly and helpful staff. Played with friends on the weekend and everyone enjoyed it.",Positive
674,U0054,1,"From our experience, Staff was very unprofessional and unhelpful throughout. Our session timing was not managed properly.",Negative
675,U0093,2,"In my opinion, Very bad lighting and the surface was dangerously slippery. The playing surface felt unsafe for fast movements.",Negative
676,U0067,4,"Honestly, Wonderful experience, the court was in perfect shape. Online booking confirmation was quick and accurate.",Positive
677,U0226,5,"In my opinion, Excellent facilities and very well maintained courts. Booked for an evening game and everything was ready on time.",Positive
678,U0007,5,"Personally, Fantastic court with excellent facilities and friendly staff. Staff guided us well before and after the match.",Positive
679,U0174,1,"Personally, Very noisy environment and the court was not well maintained. Our session timing was not managed properly.",Negative
680,U0222,1,"From our experience, Poor experience overall, management needs improvement. We faced issues during check-in and support was slow.",Negative
681,U0198,5,"Personally, Smooth booking process and an amazing playing experience. Staff guided us well before and after the match.",Positive
682,U0006,1,"Personally, Would not recommend this futsal center to anyone. We faced issues during check-in and support was slow.",Negative
683,U0254,5,"From our experience, Best futsal center in Kathmandu, highly recommended! Booked for an evening game and everything was ready on time.",Positive
684,U0124,2,"Honestly, The court was too small and the pricing was too high. Changing rooms and wash areas were not properly cleaned.",Negative
685,U0282,1,"From our experience, Would not recommend this futsal center to anyone. The playing surface felt unsafe for fast movements.",Negative
686,U0041,1,"Personally, Extremely poor maintenance, the goalposts were broken. The playing surface felt unsafe for fast movements.",Negative
687,U0046,2,"In my opinion, Terrible court condition and very poor customer service. The playing surface felt unsafe for fast movements.",Negative
688,U0255,4,"Honestly, The court condition was perfect and staff was very helpful. Booked for an evening game and everything was ready on time.",Positive
689,U0212,5,"Personally, Excellent facilities and very well maintained courts. Staff guided us well before and after the match.",Positive
690,U0047,4,"In my opinion, Perfect futsal court, smooth surface and great atmosphere. Staff guided us well before and after the match.",Positive
691,U0234,4,"Honestly, Very professional management and excellent court maintenance. Warm-up area and changing rooms were clean and organized.",Positive
692,U0233,4,"Personally, Very professional management and excellent court maintenance. Staff guided us well before and after the match.",Positive
693,U0187,5,"Honestly, Fantastic court with excellent facilities and friendly staff. Online booking confirmation was quick and accurate.",Positive
694,U0114,1,"In my opinion, The court was dirty and very poorly maintained. Changing rooms and wash areas were not properly cleaned.",Negative
695,U0281,2,"Honestly, Very noisy environment and the court was not well maintained. Changing rooms and wash areas were not properly cleaned.",Negative
696,U0085,1,"From our experience, Terrible court condition and very poor customer service. We faced issues during check-in and support was slow.",Negative
697,U0131,4,"Overall, Perfect futsal court, smooth surface and great atmosphere. Played with friends on the weekend and everyone enjoyed it.",Positive
698,U0202,4,"Overall, Affordable pricing with top quality court facilities. Online booking confirmation was quick and accurate.",Positive
699,U0056,5,"Honestly, One of the best futsal experiences I have had in Nepal. Online booking confirmation was quick and accurate.",Positive
700,U0231,1,"Personally, Extremely poor maintenance, the goalposts were broken. Our session timing was not managed properly.",Negative
701,U0256,4,"Honestly, The best futsal court I have ever played in Kathmandu! Staff guided us well before and after the match.",Positive
702,U0300,5,"Overall, Wonderful experience, the court was in perfect shape. Staff guided us well before and after the match.",Positive
703,U0066,1,"Personally, Lights were not working properly during our session. The playing surface felt unsafe for fast movements.",Negative
704,U0259,2,"Personally, The booking was confirmed but the court was not available. The playing surface felt unsafe for fast movements.",Negative
705,U0141,4,"In my opinion, The court was spacious, clean and well lit. Loved it! Warm-up area and changing rooms were clean and organized.",Positive
706,U0069,5,"Personally, Smooth booking process and an amazing playing experience. Online booking confirmation was quick and accurate.",Positive
707,U0281,5,"Overall, Very professional management and excellent court maintenance. Staff guided us well before and after the match.",Positive
708,U0108,1,"In my opinion, Very bad lighting and the surface was dangerously slippery. Changing rooms and wash areas were not properly cleaned.",Negative
709,U0092,4,"In my opinion, Very organized management and excellent playing surface. Staff guided us well before and after the match.",Positive
710,U0181,4,"Personally, Outstanding facilities, the best futsal court in the area. Online booking confirmation was quick and accurate.",Positive
711,U0274,2,"Honestly, Very bad experience, the changing rooms were unclean. The playing surface felt unsafe for fast movements.",Negative
712,U0013,1,"Honestly, The booking was confirmed but the court was not available. We faced issues during check-in and support was slow.",Negative
713,U0103,4,"In my opinion, Amazing experience, will definitely book again! Played with friends on the weekend and everyone enjoyed it.",Positive
714,U0075,2,"Overall, Booking process was confusing and staff was rude. Changing rooms and wash areas were not properly cleaned.",Negative
715,U0184,4,"Personally, Top notch futsal facility with very reasonable pricing. Booked for an evening game and everything was ready on time.",Positive
716,U0288,1,"Personally, The booking was confirmed but the court was not available. We faced issues during check-in and support was slow.",Negative
717,U0025,2,"From our experience, The booking was confirmed but the court was not available. The playing surface felt unsafe for fast movements.",Negative
718,U0283,5,"In my opinion, Excellent facilities and very well maintained courts. Booked for an evening game and everything was ready on time.",Positive
719,U0227,4,"Personally, The staff was very cooperative and the court was in perfect condition. Warm-up area and changing rooms were clean and organized.",Positive
720,U0100,1,"Overall, Very bad experience, the changing rooms were unclean. The playing surface felt unsafe for fast movements.",Negative
721,U0096,1,"Honestly, The artificial turf was torn and in bad condition. Our session timing was not managed properly.",Negative
722,U0021,5,"Personally, Booking was easy and the experience was fantastic. Warm-up area and changing rooms were clean and organized.",Positive
723,U0067,2,"In my opinion, The artificial turf was torn and in bad condition. Our session timing was not managed properly.",Negative
724,U0170,4,"Honestly, Top notch futsal facility with very reasonable pricing. Played with friends on the weekend and everyone enjoyed it.",Positive
725,U0166,1,"Personally, Very bad lighting and the surface was dangerously slippery. Booked in advance but had to wait too long.",Negative
726,U0252,5,"In my opinion, Loved the overall experience, clean courts and great staff. Staff guided us well before and after the match.",Positive
727,U0163,1,"Overall, Very noisy environment and the court was not well maintained. We faced issues during check-in and support was slow.",Negative
728,U0259,1,"Personally, The artificial turf was torn and in bad condition. The playing surface felt unsafe for fast movements.",Negative
729,U0048,5,"Overall, Great place to play futsal with friends, highly satisfying. Played with friends on the weekend and everyone enjoyed it.",Positive
730,U0170,5,"Overall, Great place to play futsal with friends, highly satisfying. Warm-up area and changing rooms were clean and organized.",Positive
731,U0288,2,"Honestly, Terrible experience, the staff was rude and unprofessional. Booked in advance but had to wait too long.",Negative
732,U0229,2,"Personally, Terrible experience, the court surface was very slippery. Our session timing was not managed properly.",Negative
733,U0021,4,"From our experience, Great value for money, will come back again for sure. Warm-up area and changing rooms were clean and organized.",Positive
734,U0198,1,"In my opinion, Poor management and the court was not ready on time. Our session timing was not managed properly.",Negative
735,U0265,1,"Personally, Terrible experience, the staff was rude and unprofessional. Changing rooms and wash areas were not properly cleaned.",Negative
736,U0250,5,"Overall, Excellent facilities and very well maintained courts. Warm-up area and changing rooms were clean and organized.",Positive
737,U0264,5,"Overall, Great lighting and smooth artificial turf, loved it! Booked for an evening game and everything was ready on time.",Positive
738,U0034,1,"From our experience, Staff was unhelpful and the court was not clean at all. We faced issues during check-in and support was slow.",Negative
739,U0106,4,"Honestly, Outstanding facilities, the best futsal court in the area. Online booking confirmation was quick and accurate.",Positive
740,U0013,4,"Honestly, Top notch futsal facility with very reasonable pricing. Warm-up area and changing rooms were clean and organized.",Positive
741,U0038,4,"In my opinion, Excellent facilities and very well maintained courts. Played with friends on the weekend and everyone enjoyed it.",Positive
742,U0295,4,"From our experience, The staff was very cooperative and the court was in perfect condition. Warm-up area and changing rooms were clean and organized.",Positive
743,U0231,2,"From our experience, Would not recommend this futsal center to anyone. The playing surface felt unsafe for fast movements.",Negative
744,U0009,5,"Personally, The court was spacious, clean and well lit. Loved it! Booked for an evening game and everything was ready on time.",Positive
745,U0033,1,"Honestly, Terrible experience, the staff was rude and unprofessional. Our session timing was not managed properly.",Negative
746,U0184,1,"In my opinion, Very noisy environment and the court was not well maintained. Booked in advance but had to wait too long.",Negative
747,U0045,2,"From our experience, Very bad experience, the changing rooms were unclean. The playing surface felt unsafe for fast movements.",Negative
748,U0016,2,"Personally, Terrible court condition and very poor customer service. We faced issues during check-in and support was slow.",Negative
749,U0070,4,"Personally, The court condition was perfect and staff was very helpful. Online booking confirmation was quick and accurate.",Positive
750,U0074,2,"Honestly, Very bad experience, the changing rooms were unclean. Changing rooms and wash areas were not properly cleaned.",Negative
751,U0064,4,"Personally, Excellent facilities and very well maintained courts. Booked for an evening game and everything was ready on time.",Positive
752,U0276,2,"In my opinion, Disappointed with the facilities, not worth the price at all. Booked in advance but had to wait too long.",Negative
753,U0177,1,"Personally, Staff was unhelpful and the court was not clean at all. The playing surface felt unsafe for fast movements.",Negative
754,U0083,1,"Personally, The artificial turf was torn and in bad condition. We faced issues during check-in and support was slow.",Negative
755,U0100,2,"Personally, Lights were not working properly during our session. We faced issues during check-in and support was slow.",Negative
756,U0282,4,"Honestly, Top notch futsal facility with very reasonable pricing. Staff guided us well before and after the match.",Positive
757,U0035,2,"Overall, Poor management and the court was not ready on time. Booked in advance but had to wait too long.",Negative
758,U0170,2,"Overall, Worst futsal center I have visited, very disappointing. We faced issues during check-in and support was slow.",Negative
759,U0146,1,"Overall, Very bad lighting and the surface was dangerously slippery. Booked in advance but had to wait too long.",Negative
760,U0249,5,"Personally, Top notch futsal facility with very reasonable pricing. Warm-up area and changing rooms were clean and organized.",Positive
761,U0300,2,"Personally, Very disappointing experience, will not come back. Our session timing was not managed properly.",Negative
762,U0162,5,"Honestly, Booking was easy and the experience was fantastic. Played with friends on the weekend and everyone enjoyed it.",Positive
763,U0127,2,"In my opinion, Terrible experience, the court surface was very slippery. The playing surface felt unsafe for fast movements.",Negative
764,U0069,5,"From our experience, Great value for money, will come back again for sure. Warm-up area and changing rooms were clean and organized.",Positive
765,U0229,5,"From our experience, Great place to play futsal with friends, highly satisfying. Warm-up area and changing rooms were clean and organized.",Positive
766,U0090,1,"Honestly, Would not recommend this futsal center to anyone. Our session timing was not managed properly.",Negative
767,U0072,5,"In my opinion, Outstanding facilities, the best futsal court in the area. Played with friends on the weekend and everyone enjoyed it.",Positive
768,U0039,4,"Honestly, The best futsal court I have ever played in Kathmandu! Staff guided us well before and after the match.",Positive
769,U0109,2,"In my opinion, Booking process was confusing and staff was rude. Our session timing was not managed properly.",Negative
770,U0077,5,"Overall, Great place to play futsal with friends, highly satisfying. Online booking confirmation was quick and accurate.",Positive
771,U0069,2,"Personally, Extremely poor maintenance, the goalposts were broken. Our session timing was not managed properly.",Negative
772,U0204,1,"Honestly, Worst futsal center I have visited, very disappointing. Our session timing was not managed properly.",Negative
773,U0085,4,"Overall, One of the best futsal experiences I have had in Nepal. Staff guided us well before and after the match.",Positive
774,U0082,5,"Personally, Best futsal center in Kathmandu, highly recommended! Staff guided us well before and after the match.",Positive
775,U0248,4,"Overall, Great place to play futsal with friends, highly satisfying. Booked for an evening game and everything was ready on time.",Positive
776,U0119,5,"In my opinion, Great lighting and smooth artificial turf, loved it! Warm-up area and changing rooms were clean and organized.",Positive
777,U0022,4,"Personally, Great value for money, will come back again for sure. Played with friends on the weekend and everyone enjoyed it.",Positive
778,U0199,2,"Honestly, Terrible court condition and very poor customer service. The playing surface felt unsafe for fast movements.",Negative
779,U0166,4,"In my opinion, Very clean court with friendly and helpful staff. Staff guided us well before and after the match.",Positive
780,U0297,2,"Overall, Disappointed with the facilities, not worth the price at all. Our session timing was not managed properly.",Negative
781,U0194,5,"Honestly, Great place to play futsal with friends, highly satisfying. Staff guided us well before and after the match.",Positive
782,U0193,2,"From our experience, Terrible experience, the court surface was very slippery. Our session timing was not managed properly.",Negative
783,U0177,5,"Personally, Wonderful experience, the court was in perfect shape. Online booking confirmation was quick and accurate.",Positive
784,U0257,1,"Overall, Very disappointing experience, will not come back. The playing surface felt unsafe for fast movements.",Negative
785,U0040,1,"Overall, Very noisy environment and the court was not well maintained. Changing rooms and wash areas were not properly cleaned.",Negative
786,U0096,4,"Personally, Best futsal center in Kathmandu, highly recommended! Warm-up area and changing rooms were clean and organized.",Positive
787,U0118,1,"Honestly, Staff was very unprofessional and unhelpful throughout. Changing rooms and wash areas were not properly cleaned.",Negative
788,U0246,5,"Personally, Wonderful experience, the court was in perfect shape. Played with friends on the weekend and everyone enjoyed it.",Positive
789,U0211,1,"Honestly, The court was dirty and very poorly maintained. We faced issues during check-in and support was slow.",Negative
790,U0294,1,"Overall, The court was flooded and we could not play properly. We faced issues during check-in and support was slow.",Negative
791,U0294,1,"Overall, Very disappointing experience, will not come back. Booked in advance but had to wait too long.",Negative
792,U0093,2,"Personally, Very noisy environment and the court was not well maintained. The playing surface felt unsafe for fast movements.",Negative
793,U0146,1,"From our experience, Overpriced for the poor quality of the court offered. We faced issues during check-in and support was slow.",Negative
794,U0247,5,"From our experience, Best futsal center in Kathmandu, highly recommended! Played with friends on the weekend and everyone enjoyed it.",Positive
795,U0299,1,"Personally, Terrible experience, the staff was rude and unprofessional. We faced issues during check-in and support was slow.",Negative
796,U0086,5,"From our experience, The court condition was perfect and staff was very helpful. Warm-up area and changing rooms were clean and organized.",Positive
797,U0118,1,"Overall, The booking was confirmed but the court was not available. The playing surface felt unsafe for fast movements.",Negative
798,U0009,4,"Personally, Affordable pricing with top quality court facilities. Staff guided us well before and after the match.",Positive
799,U0077,2,"Overall, Very bad lighting and the surface was dangerously slippery. Booked in advance but had to wait too long.",Negative
800,U0020,2,"Honestly, Disappointed with the facilities, not worth the price at all. Our session timing was not managed properly.",Negative
801,U0247,1,"Personally, Poor experience overall, management needs improvement. We faced issues during check-in and support was slow.",Negative
802,U0221,1,"In my opinion, Very noisy environment and the court was not well maintained. The playing surface felt unsafe for fast movements.",Negative
803,U0272,1,"From our experience, Staff was very unprofessional and unhelpful throughout. We faced issues during check-in and support was slow.",Negative
804,U0180,5,"Honestly, Loved the overall experience, clean courts and great staff. Staff guided us well before and after the match.",Positive
805,U0069,2,"Overall, Poor management and the court was not ready on time. The playing surface felt unsafe for fast movements.",Negative
806,U0146,4,"From our experience, Perfect futsal court, smooth surface and great atmosphere. Staff guided us well before and after the match.",Positive
807,U0097,5,"Personally, The best futsal court I have ever played in Kathmandu! Booked for an evening game and everything was ready on time.",Positive
808,U0267,1,"Overall, The court was dirty and very poorly maintained. The playing surface felt unsafe for fast movements.",Negative
809,U0210,2,"Overall, Worst futsal center I have visited, very disappointing. Booked in advance but had to wait too long.",Negative
810,U0300,2,"Personally, Poor management and the court was not ready on time. Changing rooms and wash areas were not properly cleaned.",Negative
811,U0290,2,"In my opinion, Worst futsal center I have visited, very disappointing. Our session timing was not managed properly.",Negative
812,U0105,2,"Personally, Staff was very unprofessional and unhelpful throughout. Our session timing was not managed properly.",Negative
813,U0092,2,"Personally, Worst futsal center I have visited, very disappointing. Our session timing was not managed properly.",Negative
814,U0130,2,"In my opinion, Very bad experience, the changing rooms were unclean. Our session timing was not managed properly.",Negative
815,U0071,2,"Overall, Poor experience overall, management needs improvement. Booked in advance but had to wait too long.",Negative
816,U0083,2,"Personally, Lights were not working properly during our session. We faced issues during check-in and support was slow.",Negative
817,U0174,5,"Honestly, Outstanding facilities, the best futsal court in the area. Staff guided us well before and after the match.",Positive
818,U0200,1,"Honestly, Would not recommend this futsal center to anyone. Booked in advance but had to wait too long.",Negative
819,U0242,1,"Honestly, Very bad lighting and the surface was dangerously slippery. The playing surface felt unsafe for fast movements.",Negative
820,U0135,4,"Honestly, The staff was very cooperative and the court was in perfect condition. Warm-up area and changing rooms were clean and organized.",Positive
821,U0197,1,"Personally, The booking was confirmed but the court was not available. Our session timing was not managed properly.",Negative
822,U0030,5,"From our experience, One of the best futsal experiences I have had in Nepal. Played with friends on the weekend and everyone enjoyed it.",Positive
823,U0006,2,"In my opinion, Staff was unhelpful and the court was not clean at all. Our session timing was not managed properly.",Negative
824,U0018,4,"Personally, Perfect futsal court, smooth surface and great atmosphere. Staff guided us well before and after the match.",Positive
825,U0087,1,"In my opinion, Poor experience overall, management needs improvement. Booked in advance but had to wait too long.",Negative
826,U0001,4,"In my opinion, Best futsal center in Kathmandu, highly recommended! Booked for an evening game and everything was ready on time.",Positive
827,U0181,5,"From our experience, Great value for money, will come back again for sure. Online booking confirmation was quick and accurate.",Positive
828,U0266,4,"Honestly, The best futsal court I have ever played in Kathmandu! Booked for an evening game and everything was ready on time.",Positive
829,U0287,2,"In my opinion, The court was flooded and we could not play properly. Changing rooms and wash areas were not properly cleaned.",Negative
830,U0116,2,"From our experience, Very bad lighting and the surface was dangerously slippery. We faced issues during check-in and support was slow.",Negative
831,U0295,2,"Overall, The court was dirty and very poorly maintained. Changing rooms and wash areas were not properly cleaned.",Negative
832,U0260,2,"Honestly, Lights were not working properly during our session. Our session timing was not managed properly.",Negative
833,U0175,2,"In my opinion, Lights were not working properly during our session. Our session timing was not managed properly.",Negative
834,U0227,2,"From our experience, The booking was confirmed but the court was not available. Our session timing was not managed properly.",Negative
835,U0174,4,"From our experience, One of the best futsal experiences I have had in Nepal. Online booking confirmation was quick and accurate.",Positive
836,U0247,4,"Honestly, Very clean court with friendly and helpful staff. Warm-up area and changing rooms were clean and organized.",Positive
837,U0113,5,"In my opinion, Great value for money, will come back again for sure. Played with friends on the weekend and everyone enjoyed it.",Positive
838,U0181,2,"Honestly, Very noisy environment and the court was not well maintained. Our session timing was not managed properly.",Negative
839,U0128,5,"From our experience, Loved the ambiance and the quality of the court surface. Booked for an evening game and everything was ready on time.",Positive
840,U0039,2,"From our experience, Disappointed with the facilities, not worth the price at all. We faced issues during check-in and support was slow.",Negative
841,U0182,2,"In my opinion, Staff was unhelpful and the court was not clean at all. Our session timing was not managed properly.",Negative
842,U0098,4,"Overall, Wonderful experience, the court was in perfect shape. Played with friends on the weekend and everyone enjoyed it.",Positive
843,U0136,1,"Overall, Staff was unhelpful and the court was not clean at all. We faced issues during check-in and support was slow.",Negative
844,U0183,1,"Honestly, Very disappointing experience, will not come back. Booked in advance but had to wait too long.",Negative
845,U0253,4,"Personally, Perfect futsal court, smooth surface and great atmosphere. Booked for an evening game and everything was ready on time.",Positive
846,U0247,1,"In my opinion, Worst futsal center I have visited, very disappointing. Our session timing was not managed properly.",Negative
847,U0295,5,"Overall, Amazing experience, will definitely book again! Online booking confirmation was quick and accurate.",Positive
848,U0204,2,"Overall, Terrible experience, the court surface was very slippery. Our session timing was not managed properly.",Negative
849,U0270,1,"Personally, Staff was very unprofessional and unhelpful throughout. The playing surface felt unsafe for fast movements.",Negative
850,U0258,4,"Overall, Great place to play futsal with friends, highly satisfying. Online booking confirmation was quick and accurate.",Positive
851,U0062,2,"From our experience, The court was double booked and we had to wait for hours. Our session timing was not managed properly.",Negative
852,U0005,2,"From our experience, The court was dirty and very poorly maintained. We faced issues during check-in and support was slow.",Negative
853,U0167,1,"In my opinion, Worst futsal center I have visited, very disappointing. Our session timing was not managed properly.",Negative
854,U0281,4,"In my opinion, Amazing experience, will definitely book again! Played with friends on the weekend and everyone enjoyed it.",Positive
855,U0176,2,"From our experience, Worst futsal center I have visited, very disappointing. We faced issues during check-in and support was slow.",Negative
856,U0108,5,"In my opinion, Booking was easy and the experience was fantastic. Warm-up area and changing rooms were clean and organized.",Positive
857,U0144,5,"Personally, Top notch futsal facility with very reasonable pricing. Played with friends on the weekend and everyone enjoyed it.",Positive
858,U0295,4,"Honestly, Great value for money, will come back again for sure. Played with friends on the weekend and everyone enjoyed it.",Positive
859,U0121,2,"From our experience, Disappointed with the facilities, not worth the price at all. The playing surface felt unsafe for fast movements.",Negative
860,U0075,4,"From our experience, The court condition was perfect and staff was very helpful. Played with friends on the weekend and everyone enjoyed it.",Positive
861,U0091,1,"Overall, Staff was very unprofessional and unhelpful throughout. The playing surface felt unsafe for fast movements.",Negative
862,U0250,2,"Personally, Very bad experience, the changing rooms were unclean. Changing rooms and wash areas were not properly cleaned.",Negative
863,U0204,4,"Honestly, Very clean court with friendly and helpful staff. Played with friends on the weekend and everyone enjoyed it.",Positive
864,U0131,4,"From our experience, Wonderful experience, the court was in perfect shape. Booked for an evening game and everything was ready on time.",Positive
865,U0134,2,"Personally, Worst futsal center I have visited, very disappointing. Changing rooms and wash areas were not properly cleaned.",Negative
866,U0177,2,"Honestly, The court was dirty and very poorly maintained. The playing surface felt unsafe for fast movements.",Negative
867,U0102,5,"Personally, Loved the overall experience, clean courts and great staff. Staff guided us well before and after the match.",Positive
868,U0146,4,"Personally, Great place to play futsal with friends, highly satisfying. Warm-up area and changing rooms were clean and organized.",Positive
869,U0229,5,"Personally, Great lighting and smooth artificial turf, loved it! Online booking confirmation was quick and accurate.",Positive
870,U0238,5,"Overall, Highly satisfied with the booking and playing experience. Played with friends on the weekend and everyone enjoyed it.",Positive
871,U0216,5,"Personally, Highly satisfied with the booking and playing experience. Staff guided us well before and after the match.",Positive
872,U0037,2,"In my opinion, Overpriced for the poor quality of the court offered. We faced issues during check-in and support was slow.",Negative
873,U0161,1,"In my opinion, The court was too small and the pricing was too high. Changing rooms and wash areas were not properly cleaned.",Negative
874,U0139,2,"Personally, Extremely poor maintenance, the goalposts were broken. Changing rooms and wash areas were not properly cleaned.",Negative
875,U0212,5,"Honestly, Best futsal center in Kathmandu, highly recommended! Played with friends on the weekend and everyone enjoyed it.",Positive
876,U0121,4,"Honestly, Great value for money, will come back again for sure. Warm-up area and changing rooms were clean and organized.",Positive
877,U0086,1,"Honestly, The booking was confirmed but the court was not available. Booked in advance but had to wait too long.",Negative
878,U0243,1,"Honestly, Disappointed with the facilities, not worth the price at all. Booked in advance but had to wait too long.",Negative
879,U0269,2,"Honestly, Terrible experience, the staff was rude and unprofessional. Booked in advance but had to wait too long.",Negative
880,U0080,5,"In my opinion, Great lighting and smooth artificial turf, loved it! Online booking confirmation was quick and accurate.",Positive
881,U0127,1,"From our experience, Very unhygienic changing rooms and poor court condition. Changing rooms and wash areas were not properly cleaned.",Negative
882,U0068,4,"Honestly, Very organized management and excellent playing surface. Played with friends on the weekend and everyone enjoyed it.",Positive
883,U0183,1,"From our experience, The court was too small and the pricing was too high. The playing surface felt unsafe for fast movements.",Negative
884,U0281,2,"Personally, Extremely poor maintenance, the goalposts were broken. We faced issues during check-in and support was slow.",Negative
885,U0234,1,"From our experience, Would not recommend this futsal center to anyone. Our session timing was not managed properly.",Negative
886,U0178,5,"Overall, Wonderful experience, the court was in perfect shape. Staff guided us well before and after the match.",Positive
887,U0227,4,"From our experience, Loved the ambiance and the quality of the court surface. Warm-up area and changing rooms were clean and organized.",Positive
888,U0080,5,"Honestly, Loved the ambiance and the quality of the court surface. Booked for an evening game and everything was ready on time.",Positive
889,U0177,4,"Personally, Loved the ambiance and the quality of the court surface. Online booking confirmation was quick and accurate.",Positive
890,U0252,1,"In my opinion, Terrible experience, the staff was rude and unprofessional. The playing surface felt unsafe for fast movements.",Negative
891,U0221,1,"Overall, Very bad experience, the changing rooms were unclean. Our session timing was not managed properly.",Negative
892,U0281,1,"From our experience, Worst futsal center I have visited, very disappointing. We faced issues during check-in and support was slow.",Negative
893,U0203,5,"From our experience, The staff was very cooperative and the court was in perfect condition. Played with friends on the weekend and everyone enjoyed it.",Positive
894,U0113,2,"From our experience, Poor management and the court was not ready on time. Booked in advance but had to wait too long.",Negative
895,U0265,1,"In my opinion, Terrible experience, the staff was rude and unprofessional. Our session timing was not managed properly.",Negative
896,U0273,5,"Overall, Amazing experience, will definitely book again! Online booking confirmation was quick and accurate.",Positive
897,U0094,1,"Honestly, Very disappointing experience, will not come back. Changing rooms and wash areas were not properly cleaned.",Negative
898,U0232,2,"From our experience, Poor management and the court was not ready on time. Our session timing was not managed properly.",Negative
899,U0165,1,"Honestly, The court was dirty and very poorly maintained. We faced issues during check-in and support was slow.",Negative
900,U0096,4,"In my opinion, Very clean court with friendly and helpful staff. Warm-up area and changing rooms were clean and organized.",Positive
901,U0225,1,"Overall, Very unhygienic changing rooms and poor court condition. Booked in advance but had to wait too long.",Negative
902,U0078,4,"Overall, The best futsal court I have ever played in Kathmandu! Online booking confirmation was quick and accurate.",Positive
903,U0216,5,"In my opinion, Loved the ambiance and the quality of the court surface. Online booking confirmation was quick and accurate.",Positive
904,U0017,5,"Overall, Very professional management and excellent court maintenance. Booked for an evening game and everything was ready on time.",Positive
905,U0137,4,"Honestly, One of the best futsal experiences I have had in Nepal. Online booking confirmation was quick and accurate.",Positive
906,U0093,5,"From our experience, Affordable pricing with top quality court facilities. Warm-up area and changing rooms were clean and organized.",Positive
907,U0063,1,"From our experience, Terrible experience, the staff was rude and unprofessional. We faced issues during check-in and support was slow.",Negative
908,U0127,2,"Overall, Very unhygienic changing rooms and poor court condition. Booked in advance but had to wait too long.",Negative
909,U0049,5,"From our experience, Very organized management and excellent playing surface. Played with friends on the weekend and everyone enjoyed it.",Positive
910,U0160,2,"Honestly, The court was too small and the pricing was too high. We faced issues during check-in and support was slow.",Negative
911,U0130,1,"Overall, Terrible court condition and very poor customer service. Changing rooms and wash areas were not properly cleaned.",Negative
912,U0027,5,"Honestly, Great value for money, will come back again for sure. Played with friends on the weekend and everyone enjoyed it.",Positive
913,U0223,1,"Overall, The court was too small and the pricing was too high. Booked in advance but had to wait too long.",Negative
914,U0300,2,"Overall, Lights were not working properly during our session. The playing surface felt unsafe for fast movements.",Negative
915,U0022,1,"Personally, The court was flooded and we could not play properly. The playing surface felt unsafe for fast movements.",Negative
916,U0191,4,"Overall, One of the best futsal experiences I have had in Nepal. Booked for an evening game and everything was ready on time.",Positive
917,U0256,4,"In my opinion, Great lighting and smooth artificial turf, loved it! Staff guided us well before and after the match.",Positive
918,U0031,1,"Personally, Worst futsal center I have visited, very disappointing. We faced issues during check-in and support was slow.",Negative
919,U0065,4,"In my opinion, Wonderful experience, the court was in perfect shape. Played with friends on the weekend and everyone enjoyed it.",Positive
920,U0225,2,"Honestly, Very unhygienic changing rooms and poor court condition. We faced issues during check-in and support was slow.",Negative
921,U0184,5,"In my opinion, The court condition was perfect and staff was very helpful. Played with friends on the weekend and everyone enjoyed it.",Positive
922,U0249,4,"Personally, Fantastic court with excellent facilities and friendly staff. Online booking confirmation was quick and accurate.",Positive
923,U0278,2,"Overall, The court was double booked and we had to wait for hours. The playing surface felt unsafe for fast movements.",Negative
924,U0279,4,"From our experience, Great place to play futsal with friends, highly satisfying. Warm-up area and changing rooms were clean and organized.",Positive
925,U0284,2,"Personally, The artificial turf was torn and in bad condition. Booked in advance but had to wait too long.",Negative
926,U0231,4,"Personally, Loved the ambiance and the quality of the court surface. Warm-up area and changing rooms were clean and organized.",Positive
927,U0233,2,"From our experience, The court was dirty and very poorly maintained. Our session timing was not managed properly.",Negative
928,U0010,1,"Personally, Very bad lighting and the surface was dangerously slippery. Changing rooms and wash areas were not properly cleaned.",Negative
929,U0165,1,"Personally, Very unhygienic changing rooms and poor court condition. Booked in advance but had to wait too long.",Negative
930,U0098,2,"Personally, Very noisy environment and the court was not well maintained. The playing surface felt unsafe for fast movements.",Negative
931,U0145,1,"In my opinion, The court was too small and the pricing was too high. The playing surface felt unsafe for fast movements.",Negative
932,U0050,4,"Honestly, Very organized management and excellent playing surface. Booked for an evening game and everything was ready on time.",Positive
933,U0092,1,"Honestly, Booking process was confusing and staff was rude. We faced issues during check-in and support was slow.",Negative
934,U0099,5,"Personally, Very clean court with friendly and helpful staff. Booked for an evening game and everything was ready on time.",Positive
935,U0251,5,"Personally, Very organized management and excellent playing surface. Staff guided us well before and after the match.",Positive
936,U0026,5,"Personally, Great place to play futsal with friends, highly satisfying. Played with friends on the weekend and everyone enjoyed it.",Positive
937,U0007,1,"Honestly, Staff was unhelpful and the court was not clean at all. The playing surface felt unsafe for fast movements.",Negative
938,U0032,5,"From our experience, Great place to play futsal with friends, highly satisfying. Staff guided us well before and after the match.",Positive
939,U0030,2,"Personally, Very bad lighting and the surface was dangerously slippery. Changing rooms and wash areas were not properly cleaned.",Negative
940,U0037,4,"Overall, Loved the ambiance and the quality of the court surface. Booked for an evening game and everything was ready on time.",Positive
941,U0052,1,"Personally, Very unhygienic changing rooms and poor court condition. We faced issues during check-in and support was slow.",Negative
942,U0098,5,"Overall, Affordable pricing with top quality court facilities. Staff guided us well before and after the match.",Positive
943,U0286,1,"From our experience, Very unhygienic changing rooms and poor court condition. Our session timing was not managed properly.",Negative
944,U0296,4,"From our experience, Great place to play futsal with friends, highly satisfying. Online booking confirmation was quick and accurate.",Positive
945,U0086,1,"From our experience, The artificial turf was torn and in bad condition. Our session timing was not managed properly.",Negative
946,U0081,5,"From our experience, Outstanding facilities, the best futsal court in the area. Staff guided us well before and after the match.",Positive
947,U0162,5,"In my opinion, Outstanding facilities, the best futsal court in the area. Warm-up area and changing rooms were clean and organized.",Positive
948,U0221,5,"Personally, The court condition was perfect and staff was very helpful. Warm-up area and changing rooms were clean and organized.",Positive
949,U0289,4,"From our experience, Outstanding facilities, the best futsal court in the area. Played with friends on the weekend and everyone enjoyed it.",Positive
950,U0185,2,"From our experience, Extremely poor maintenance, the goalposts were broken. The playing surface felt unsafe for fast movements.",Negative
951,U0018,4,"Honestly, Loved the ambiance and the quality of the court surface. Staff guided us well before and after the match.",Positive
952,U0155,1,"Overall, The court was dirty and very poorly maintained. Changing rooms and wash areas were not properly cleaned.",Negative
953,U0162,4,"Personally, The best futsal court I have ever played in Kathmandu! Warm-up area and changing rooms were clean and organized.",Positive
954,U0049,4,"In my opinion, Excellent facilities and very well maintained courts. Online booking confirmation was quick and accurate.",Positive
955,U0071,1,"Personally, Poor management and the court was not ready on time. Changing rooms and wash areas were not properly cleaned.",Negative
956,U0120,4,"Honestly, Amazing experience, will definitely book again! Warm-up area and changing rooms were clean and organized.",Positive
957,U0292,2,"In my opinion, Staff was unhelpful and the court was not clean at all. Booked in advance but had to wait too long.",Negative
958,U0089,2,"Honestly, Terrible court condition and very poor customer service. Our session timing was not managed properly.",Negative
959,U0020,5,"From our experience, The court condition was perfect and staff was very helpful. Staff guided us well before and after the match.",Positive
960,U0029,1,"In my opinion, Terrible experience, the staff was rude and unprofessional. Changing rooms and wash areas were not properly cleaned.",Negative
961,U0214,2,"Personally, Lights were not working properly during our session. We faced issues during check-in and support was slow.",Negative
962,U0196,4,"Personally, Excellent facilities and very well maintained courts. Warm-up area and changing rooms were clean and organized.",Positive
963,U0164,1,"Overall, Disappointed with the facilities, not worth the price at all. Our session timing was not managed properly.",Negative
964,U0258,2,"Overall, The court was double booked and we had to wait for hours. We faced issues during check-in and support was slow.",Negative
965,U0202,4,"Personally, Top notch futsal facility with very reasonable pricing. Staff guided us well before and after the match.",Positive
966,U0114,1,"From our experience, Staff was very unprofessional and unhelpful throughout. Changing rooms and wash areas were not properly cleaned.",Negative
967,U0068,4,"From our experience, Very professional management and excellent court maintenance. Booked for an evening game and everything was ready on time.",Positive
968,U0281,4,"Honestly, The court was spacious, clean and well lit. Loved it! Warm-up area and changing rooms were clean and organized.",Positive
969,U0257,5,"Overall, Booking was easy and the experience was fantastic. Played with friends on the weekend and everyone enjoyed it.",Positive
970,U0287,2,"From our experience, Staff was unhelpful and the court was not clean at all. The playing surface felt unsafe for fast movements.",Negative
971,U0288,1,"Overall, Very bad lighting and the surface was dangerously slippery. Our session timing was not managed properly.",Negative
972,U0037,1,"In my opinion, Poor management and the court was not ready on time. The playing surface felt unsafe for fast movements.",Negative
973,U0058,1,"From our experience, Poor experience overall, management needs improvement. The playing surface felt unsafe for fast movements.",Negative
974,U0179,5,"In my opinion, Affordable pricing with top quality court facilities. Warm-up area and changing rooms were clean and organized.",Positive
975,U0157,1,"Personally, The artificial turf was torn and in bad condition. Changing rooms and wash areas were not properly cleaned.",Negative
976,U0075,5,"Overall, Top notch futsal facility with very reasonable pricing. Booked for an evening game and everything was ready on time.",Positive
977,U0192,1,"Honestly, Very disappointing experience, will not come back. Booked in advance but had to wait too long.",Negative
978,U0125,1,"In my opinion, Very bad lighting and the surface was dangerously slippery. We faced issues during check-in and support was slow.",Negative
979,U0176,4,"In my opinion, Fantastic court with excellent facilities and friendly staff. Booked for an evening game and everything was ready on time.",Positive
980,U0242,5,"Overall, The best futsal court I have ever played in Kathmandu! Warm-up area and changing rooms were clean and organized.",Positive
981,U0105,4,"In my opinion, Outstanding facilities, the best futsal court in the area. Staff guided us well before and after the match.",Positive
982,U0073,5,"From our experience, Fantastic court with excellent facilities and friendly staff. Booked for an evening game and everything was ready on time.",Positive
983,U0131,4,"In my opinion, Best futsal center in Kathmandu, highly recommended! Booked for an evening game and everything was ready on time.",Positive
984,U0139,4,"Honestly, Excellent facilities and very well maintained courts. Online booking confirmation was quick and accurate.",Positive
985,U0199,1,"In my opinion, Poor experience overall, management needs improvement. Changing rooms and wash areas were not properly cleaned.",Negative
986,U0010,4,"Overall, Loved the ambiance and the quality of the court surface. Online booking confirmation was quick and accurate.",Positive
987,U0261,2,"In my opinion, The court was double booked and we had to wait for hours. Booked in advance but had to wait too long.",Negative
988,U0273,2,"Overall, Overpriced for the poor quality of the court offered. We faced issues during check-in and support was slow.",Negative
989,U0288,2,"Honestly, The court was double booked and we had to wait for hours. Booked in advance but had to wait too long.",Negative
990,U0272,1,"From our experience, Very bad experience, the changing rooms were unclean. Changing rooms and wash areas were not properly cleaned.",Negative
991,U0081,5,"In my opinion, The best futsal court I have ever played in Kathmandu! Warm-up area and changing rooms were clean and organized.",Positive
992,U0155,2,"In my opinion, Terrible experience, the court surface was very slippery. Our session timing was not managed properly.",Negative
993,U0132,4,"Personally, The court was spacious, clean and well lit. Loved it! Booked for an evening game and everything was ready on time.",Positive
994,U0116,5,"From our experience, Smooth booking process and an amazing playing experience. Warm-up area and changing rooms were clean and organized.",Positive
995,U0045,4,"Personally, The court condition was perfect and staff was very helpful. Online booking confirmation was quick and accurate.",Positive
996,U0214,4,"Overall, The staff was very cooperative and the court was in perfect condition. Staff guided us well before and after the match.",Positive
997,U0160,2,"From our experience, Very bad lighting and the surface was dangerously slippery. Changing rooms and wash areas were not properly cleaned.",Negative
998,U0106,4,"Personally, Highly satisfied with the booking and playing experience. Played with friends on the weekend and everyone enjoyed it.",Positive
999,U0071,4,"Overall, Loved the ambiance and the quality of the court surface. Staff guided us well before and after the match.",Positive
1000,U0075,2,"Overall, Would not recommend this futsal center to anyone. Our session timing was not managed properly.",Negative
