id,user_id,rating,review,sentiment_label,label
1,461,3,well spacious court and proper lighting setup at night session,Positive,1
2,301,2,to be honest facilities were not clean at all but during our regular game,Negative,0
3,197,3,frankly speaking spacious court and proper lighting setup at night session,Positive,1
4,152,5,overall very professional staff and management during our match time,Positive,1
5,443,3,to be honest facilities were outdated and not maintained we played in the evening,Negative,0
6,427,4,actually the court was spacious and well maintained providing ample room for players to enjoy their game without feeling cramped or overcrowded we played in the evening,Positive,1
7,318,1,to be honest not satisfied with the overall experience during our match time,Negative,0
8,404,4,the best place to play futsal in town but staff was rude and unhelpful while playing with friends,Positive,1
9,383,4,from what i saw the turf was in excellent condition and very safe but poor lighting and ventilation on a rainy day,Positive,1
10,272,4,from my experience the booking process was seamless and efficient making it easy to reserve a court while playing with friends,Positive,1
11,496,2,to be honest too much delay in booking confirmation while playing with friends,Negative,0
12,387,3,actually the booking process was seamless and efficient making it easy to reserve a court but overpriced for such poor quality on a rainy day,Positive,1
13,188,5,well during peak hours,Positive,1
15,482,3,based on my visit too much delay in booking confirmation on a rainy day,Negative,0
16,168,3,well the court was overcrowded and chaotic but the price was reasonable for the quality of the facilities and the overall experience provided making it a great value for money during our match time,Negative,0
17,155,5,from my experience the best place to play futsal in town during weekend booking,Positive,1
18,253,4,overall loved the turf and lighting setup while playing with friends,Positive,1
19,70,3,not satisfied,Negative,0
20,80,5,in my opinion affordable price with great quality during our regular game,Positive,1
21,17,2,well had to wait for a long time to get the court ready during weekend booking,Negative,0
22,51,4,from my experience spacious court and proper lighting setup while trying out the new turf,Positive,1
23,496,1,in my opinion not satisfied with the overall experience but booking system was fast and easy during our regular game,Negative,0
24,340,3,never again,Positive,1
25,65,3,well great futsal court with excellent facilities but the worst futsal court i ve ever been to while testing the lighting,Positive,1
26,169,1,from my experience not worth the price during weekend booking,Negative,0
27,67,1,court was dirty and poorly maintained while testing the lighting,Negative,0
28,68,1,booking system was confusing while playing with friends,Negative,0
29,166,3,not satisfied,Negative,0
30,65,3,worth it,Positive,1
31,263,2,as a regular player overpriced for such poor quality during weekend booking,Negative,0
32,373,3,based on my visit the surface quality was very good during our regular game,Positive,1
33,32,3,well everything was well organized and managed during our regular game,Positive,1
34,38,2,frankly speaking very disappointing experience during peak hours,Negative,0
35,325,5,in my opinion friendly staff and smooth booking process but unhygienic changing rooms while testing the lighting,Positive,1
36,151,3,actually staff was not responsive to issues on a rainy day,Negative,0
37,437,1,from what i saw very disappointing experience during peak hours,Negative,0
38,232,4,the turf was in excellent condition and very safe during our regular game,Positive,1
39,374,4,frankly speaking the overall management of the facility was top notch ensuring a smooth and enjoyable experience for all players on a rainy day,Positive,1
40,341,2,will come again,Negative,0
41,222,1,personally overpriced for such poor quality but very clean and well maintained ground while trying out the new turf,Negative,0
42,285,1,loved it,Negative,0
44,27,3,frankly speaking the environment was not welcoming at all on a rainy day,Negative,0
45,80,3,from what i saw the ground condition was perfect for playing but the turf was uneven and caused injuries at night session,Positive,1
46,59,2,from my experience not satisfied with the overall experience during weekend booking,Negative,0
47,315,3,from what i saw the environment was not welcoming at all during our match time,Negative,0
48,391,3,as a regular player unhygienic changing rooms but booking system was fast and easy we played in the evening,Negative,0
49,337,5,in my opinion great futsal court with excellent facilities but ground condition was not good on a rainy day,Positive,1
50,193,1,personally the turf was damaged and unsafe we played in the evening,Negative,0
51,398,2,in my opinion the ground was slippery and dangerous while playing with friends,Negative,0
52,26,3,from what i saw lighting was not good but the lighting was perfect for night games and well distributed during weekend booking,Negative,0
53,213,2,to be honest the environment was not welcoming at all while trying out the new turf,Negative,0
54,146,3,amazing experience will come again during our regular game,Positive,1
55,113,3,from what i saw highly recommended for futsal lovers while trying out the new turf,Positive,1
56,393,3,from what i saw great futsal court with excellent facilities we played in the evening,Positive,1
57,168,2,worth it,Negative,0
60,22,3,as a regular player overpriced for such poor quality on a rainy day,Negative,0
61,208,3,based on my visit terrible experience will never come back during weekend booking,Negative,0
62,88,2,frankly speaking booking system was confusing at night session,Negative,0
63,125,1,from what i saw the ground was slippery and dangerous but the environment was welcoming and created a great atmosphere for playing futsal making it a favorite spot for many players while trying out the new turf,Negative,0
64,382,4,frankly speaking very clean and well maintained ground during our regular game,Positive,1
65,272,1,in my opinion overpriced for such poor quality while playing with friends,Negative,0
66,418,5,the ground condition was perfect for playing on a rainy day,Positive,1
67,132,1,bad lighting but ground ok,Negative,0
68,390,3,not good,Positive,1
69,238,4,overall while playing with friends,Positive,1
70,330,5,spacious court and proper lighting setup while testing the lighting,Positive,1
71,227,2,from what i saw terrible experience will never come back but very clean and well maintained ground on a rainy day,Negative,0
72,159,1,lighting was not good at night session,Negative,0
73,331,3,honestly the ground condition was perfect for playing we played in the evening,Positive,1
74,298,4,overall worth the money and time while testing the lighting,Positive,1
75,334,3,very unprofessional management and staff we played in the evening,Negative,0
76,257,4,not good,Positive,1
77,53,4,ok futsal not bad,Positive,1
78,127,1,in my opinion the turf was uneven and caused injuries during weekend booking,Negative,0
79,191,2,based on my visit the lighting was dim and insufficient during our regular game,Negative,0
80,405,1,frankly speaking the worst futsal court i ve ever been to during peak hours,Negative,0
81,130,4,in my opinion nice environment and good vibes overall but staff was not responsive to issues during weekend booking,Positive,1
82,340,5,well the environment was welcoming and created a great atmosphere for playing futsal making it a favorite spot for many players but the turf was damaged and unsafe while testing the lighting,Positive,1
83,496,4,loved it,Positive,1
84,159,3,well friendly staff and smooth booking process during peak hours,Positive,1
85,351,3,well too crowded and not managed properly on a rainy day,Negative,0
86,159,4,overall highly recommended for futsal lovers during peak hours,Positive,1
87,486,2,too costly yrr,Negative,0
88,260,1,from my experience too crowded and not managed properly but everything was well organized and managed during our match time,Negative,0
89,68,3,actually staff was rude and unhelpful during our regular game,Negative,0
90,415,3,personally waste of money and time while playing with friends,Negative,0
91,369,5,actually loved the turf and lighting setup while trying out the new turf,Positive,1
92,120,4,based on my visit everything was well organized and managed while testing the lighting,Positive,1
93,226,3,to be honest very poor management system while trying out the new turf,Negative,0
94,419,1,to be honest the turf was uneven and caused injuries during peak hours,Negative,0
95,447,3,not good,Positive,1
96,365,3,well the environment was welcoming and created a great atmosphere for playing futsal making it a favorite spot for many players while trying out the new turf,Positive,1
97,231,2,overall the turf was damaged and unsafe at night session,Negative,0
98,419,1,personally the turf was damaged and unsafe during peak hours,Negative,0
99,121,2,in my opinion had a very bad time playing here but highly recommended for futsal lovers we played in the evening,Negative,0
100,430,1,overall bad experience with staff behavior but the court was spacious and well maintained providing ample room for players to enjoy their game without feeling cramped or overcrowded on a rainy day,Negative,0
101,357,2,in my opinion too crowded and not managed properly but the court was spacious and well maintained providing ample room for players to enjoy their game without feeling cramped or overcrowded while playing with friends,Negative,0
102,10,3,spacious court and proper lighting setup while trying out the new turf,Positive,1
103,217,5,personally during our regular game,Positive,1
104,155,3,meh experience,Positive,1
105,328,2,not satisfied,Negative,0
106,306,4,based on my visit amazing experience will come again during weekend booking,Positive,1
107,220,2,well the court was not ready on time during our regular game,Negative,0
108,293,1,loved it,Negative,0
109,489,3,well highly recommended for futsal lovers during weekend booking,Positive,1
110,326,3,as a regular player very comfortable and enjoyable experience but the court was overcrowded and chaotic during our regular game,Positive,1
111,177,1,in my opinion very bad experience overall at night session,Negative,0
112,174,3,well the worst futsal court i ve ever been to but the ground condition was perfect for playing during weekend booking,Negative,0
113,33,1,personally the court was overcrowded and chaotic while trying out the new turf,Negative,0
114,454,1,based on my visit poor lighting and ventilation we played in the evening,Negative,0
115,204,3,meh experience,Negative,0
116,183,4,as a regular player booking system was fast and easy but very poor management system while trying out the new turf,Positive,1
117,456,4,honestly booking system was fast and easy but the ground was slippery and dangerous on a rainy day,Positive,1
118,355,4,based on my visit nice environment and good vibes overall during peak hours,Positive,1
119,218,3,unhygienic changing rooms during our regular game,Negative,0
120,280,1,not good,Negative,0
121,229,4,overall nice environment and good vibes overall during weekend booking,Positive,1
122,22,4,frankly speaking the staff was very helpful and friendly while playing with friends,Positive,1
123,39,1,in my opinion the environment was not welcoming at all while testing the lighting,Negative,0
124,82,5,frankly speaking highly recommended for futsal lovers on a rainy day,Positive,1
125,399,1,personally very unprofessional management and staff but very clean and well maintained ground while testing the lighting,Negative,0
126,231,3,in my opinion staff was rude and unhelpful during peak hours,Negative,0
127,188,5,in my opinion the lighting was perfect for night games and well distributed but too crowded and not managed properly while trying out the new turf,Positive,1
128,377,1,well the court was not ready on time at night session,Negative,0
130,147,5,to be honest the staff was very helpful and friendly at night session,Positive,1
131,89,4,based on my visit amazing experience will come again but overpriced for such poor quality during our match time,Positive,1
132,34,3,based on my visit terrible experience will never come back during weekend booking,Negative,0
133,327,3,to be honest facilities were not clean at all at night session,Negative,0
134,115,3,loved it,Negative,0
135,122,3,too costly yrr,Positive,1
136,67,3,honestly the ground was slippery and dangerous on a rainy day,Negative,0
137,369,5,overall everything was well organized and managed during weekend booking,Positive,1
138,498,3,frankly speaking the overall management of the facility was top notch ensuring a smooth and enjoyable experience for all players during peak hours,Positive,1
139,66,4,overall spacious court and proper lighting setup while trying out the new turf,Positive,1
140,222,3,the best place to play futsal in town during our regular game,Positive,1
141,166,1,honestly the lighting was dim and insufficient but one of the best futsal courts in the area during weekend booking,Negative,0
142,434,4,from my experience on a rainy day,Positive,1
143,490,3,too costly yrr,Negative,0
144,304,1,personally the staff was not helpful when we had issues but the best place to play futsal in town at night session,Negative,0
145,22,3,personally the worst futsal court i ve ever been to while playing with friends,Negative,0
146,136,3,honestly staff was rude and unhelpful during weekend booking,Negative,0
147,255,1,had a very bad time playing here while testing the lighting,Negative,0
148,126,4,as a regular player the best place to play futsal in town at night session,Positive,1
149,31,5,well everything was well organized and managed during peak hours,Positive,1
150,238,2,will come again,Negative,0
151,376,4,from what i saw nice environment and good vibes overall while playing with friends,Positive,1
152,288,3,in my opinion too crowded and not managed properly during peak hours,Negative,0
153,63,2,not satisfied,Negative,0
154,215,5,from my experience amazing experience will come again but staff was not responsive to issues while playing with friends,Positive,1
155,264,2,personally terrible experience will never come back but one of the best futsal courts in the area on a rainy day,Negative,0
156,235,5,to be honest great futsal court with excellent facilities but facilities were outdated and not maintained while trying out the new turf,Positive,1
157,306,4,from my experience the ground condition was perfect for playing but poor lighting and ventilation while testing the lighting,Positive,1
158,221,3,well everything was well organized and managed while trying out the new turf,Positive,1
159,188,3,worth it,Negative,0
160,284,4,in my opinion very professional staff and management but very poor management system we played in the evening,Positive,1
161,423,2,frankly speaking very unprofessional management and staff during our regular game,Negative,0
162,192,4,well amazing experience will come again but very disappointing experience while testing the lighting,Positive,1
163,102,3,in my opinion during our regular game,Positive,1
164,171,5,frankly speaking loved the turf and lighting setup but too crowded and not managed properly during our regular game,Positive,1
165,72,3,as a regular player ground condition was not good while trying out the new turf,Negative,0
166,379,3,from what i saw facilities were not clean at all on a rainy day,Negative,0
167,251,3,from what i saw the turf was uneven and caused injuries on a rainy day,Negative,0
168,57,5,to be honest the overall management of the facility was top notch ensuring a smooth and enjoyable experience for all players but the worst futsal court i ve ever been to while trying out the new turf,Positive,1
169,496,2,from what i saw very bad experience overall at night session,Negative,0
170,299,3,good maintenance and clean surroundings while testing the lighting,Positive,1
171,421,3,as a regular player the lighting was perfect for night games and well distributed while testing the lighting,Positive,1
172,215,2,honestly booking system was confusing but spacious court and proper lighting setup while testing the lighting,Negative,0
173,257,2,too costly yrr,Negative,0
174,167,3,based on my visit too crowded and not managed properly we played in the evening,Negative,0
175,236,1,based on my visit staff was not responsive to issues during our regular game,Negative,0
176,349,5,in my opinion the ground condition was perfect for playing during our regular game,Positive,1
177,143,3,actually worth the money and time at night session,Positive,1
178,361,3,from my experience poor lighting and ventilation at night session,Negative,0
179,141,5,based on my visit very comfortable and enjoyable experience on a rainy day,Positive,1
180,420,2,from what i saw staff was not responsive to issues during our regular game,Negative,0
181,474,4,everything was well organized and managed but the turf was damaged and unsafe while playing with friends,Positive,1
182,139,3,to be honest not worth the price while trying out the new turf,Negative,0
183,26,3,actually friendly staff and smooth booking process but the court was not ready on time at night session,Positive,1
184,368,2,as a regular player bad experience with staff behavior but affordable price with great quality during our match time,Negative,0
185,209,1,well court was dirty and poorly maintained while playing with friends,Negative,0
186,147,4,based on my visit the best place to play futsal in town but poor lighting and ventilation while trying out the new turf,Positive,1
187,436,3,bad experience with staff behavior during weekend booking,Negative,0
188,429,1,personally waste of money and time during peak hours,Negative,0
189,449,4,based on my visit the court was spacious and well maintained providing ample room for players to enjoy their game without feeling cramped or overcrowded while playing with friends,Positive,1
190,309,3,meh experience,Negative,0
191,233,4,could be better,Positive,1
192,436,3,as a regular player had a great time playing here during our regular game,Positive,1
193,235,5,to be honest the booking process was seamless and efficient making it easy to reserve a court but facilities were not clean at all during our match time,Positive,1
194,291,4,actually great futsal court with excellent facilities while playing with friends,Positive,1
195,424,4,from my experience worth the money and time while playing with friends,Positive,1
196,72,1,in my opinion facilities were outdated and not maintained during weekend booking,Negative,0
197,386,2,from my experience too much delay in booking confirmation we played in the evening,Negative,0
198,355,2,in my opinion court was dirty and poorly maintained at night session,Negative,0
199,352,4,well spacious court and proper lighting setup during weekend booking,Positive,1
200,315,4,actually the staff was very helpful and friendly but poor lighting and ventilation at night session,Positive,1
201,192,3,personally ground condition was not good while trying out the new turf,Negative,0
202,391,1,as a regular player the staff was not helpful when we had issues while trying out the new turf,Negative,0
203,229,5,the environment was welcoming and created a great atmosphere for playing futsal making it a favorite spot for many players while testing the lighting,Positive,1
204,104,3,in my opinion booking system was confusing but very comfortable and enjoyable experience during weekend booking,Negative,0
205,60,2,personally terrible experience will never come back while playing with friends,Negative,0
206,415,2,actually had to wait for a long time to get the court ready but highly recommended for futsal lovers while testing the lighting,Negative,0
207,213,5,staff good but turf bad,Positive,1
208,371,2,honestly the price was too high for the quality offered during our regular game,Negative,0
209,382,1,worth it,Negative,0
210,278,1,overall the environment was not welcoming at all we played in the evening,Negative,0
211,394,3,overall loved the turf and lighting setup while trying out the new turf,Positive,1
213,193,2,in my opinion very unprofessional management and staff during peak hours,Negative,0
215,271,2,in my opinion waste of money and time during weekend booking,Negative,0
216,388,1,not satisfied,Negative,0
217,345,4,meh experience,Positive,1
218,236,3,frankly speaking very professional staff and management during our regular game,Positive,1
219,17,3,to be honest the court was spacious and well maintained providing ample room for players to enjoy their game without feeling cramped or overcrowded during our match time,Positive,1
220,52,1,frankly speaking very bad experience overall while testing the lighting,Negative,0
221,206,1,based on my visit lighting was not good while testing the lighting,Negative,0
222,72,3,as a regular player the lighting was perfect for night games and well distributed during our match time,Positive,1
223,164,5,to be honest the overall management of the facility was top notch ensuring a smooth and enjoyable experience for all players during our match time,Positive,1
224,339,1,the court was not ready on time on a rainy day,Negative,0
225,348,5,frankly speaking booking system was fast and easy but waste of money and time at night session,Positive,1
226,196,3,based on my visit not satisfied with the overall experience we played in the evening,Negative,0
227,387,1,in my opinion had a very bad time playing here but very professional staff and management during peak hours,Negative,0
228,413,3,from my experience everything was well organized and managed during our match time,Positive,1
229,272,5,honestly affordable price with great quality during our regular game,Positive,1
230,105,2,not satisfied,Negative,0
231,371,5,overall the environment was welcoming and created a great atmosphere for playing futsal making it a favorite spot for many players while trying out the new turf,Positive,1
232,21,5,honestly very professional staff and management at night session,Positive,1
233,246,3,from my experience the turf was in excellent condition and very safe while testing the lighting,Positive,1
234,480,3,in my opinion at night session,Positive,1
235,387,3,bad lighting but ground ok,Negative,0
236,283,3,from my experience the staff was very helpful and friendly while testing the lighting,Positive,1
237,158,4,to be honest spacious court and proper lighting setup during peak hours,Positive,1
238,390,2,as a regular player the price was too high for the quality offered but the turf was in excellent condition and very safe while trying out the new turf,Negative,0
239,443,5,from my experience nice environment and good vibes overall on a rainy day,Positive,1
240,297,3,personally too much delay in booking confirmation we played in the evening,Negative,0
241,292,2,to be honest very poor management system while playing with friends,Negative,0
242,132,4,based on my visit the best place to play futsal in town during our regular game,Positive,1
243,72,3,based on my visit spacious court and proper lighting setup but not satisfied with the overall experience while trying out the new turf,Positive,1
244,269,1,based on my visit the staff was not helpful when we had issues while playing with friends,Negative,0
245,25,3,nice but little expensive,Negative,0
246,112,1,frankly speaking bad experience with staff behavior but friendly staff and smooth booking process while playing with friends,Negative,0
247,4,1,in my opinion the court was overcrowded and chaotic we played in the evening,Negative,0
248,275,4,frankly speaking great futsal court with excellent facilities we played in the evening,Positive,1
249,55,1,honestly the environment was not welcoming at all during our regular game,Negative,0
250,418,4,as a regular player the surface quality was very good but the lighting was dim and insufficient while playing with friends,Positive,1
251,236,2,the turf was damaged and unsafe during peak hours,Negative,0
252,335,1,actually would not recommend this place during our match time,Negative,0
253,283,4,well very clean and well maintained ground we played in the evening,Positive,1
254,331,4,well the staff was very helpful and friendly but had to wait for a long time to get the court ready we played in the evening,Positive,1
255,109,1,from what i saw the lighting was dim and insufficient during weekend booking,Negative,0
256,351,1,actually the court was overcrowded and chaotic while testing the lighting,Negative,0
257,493,3,as a regular player excellent facilities and great atmosphere but terrible experience will never come back while testing the lighting,Positive,1
258,124,5,personally the court was spacious and well maintained providing ample room for players to enjoy their game without feeling cramped or overcrowded but facilities were not clean at all during peak hours,Positive,1
259,72,3,frankly speaking the worst futsal court i ve ever been to during our regular game,Negative,0
260,28,2,actually the turf was uneven and caused injuries during weekend booking,Negative,0
261,175,1,not satisfied,Negative,0
262,16,4,from what i saw very professional staff and management while testing the lighting,Positive,1
263,482,5,had a great time playing here while trying out the new turf,Positive,1
264,409,2,personally staff was not responsive to issues but worth the money and time while testing the lighting,Negative,0
265,79,3,overall unhygienic changing rooms but the staff was very helpful and friendly during weekend booking,Negative,0
266,185,4,in my opinion amazing experience will come again but would not recommend this place on a rainy day,Positive,1
267,285,5,overall very clean and well maintained ground but very unprofessional management and staff while playing with friends,Positive,1
268,306,3,overall very clean and well maintained ground we played in the evening,Positive,1
269,399,4,in my opinion great futsal court with excellent facilities during peak hours,Positive,1
271,253,2,well facilities were not clean at all but everything was well organized and managed during peak hours,Negative,0
272,142,2,average nothing wow,Negative,0
273,370,1,based on my visit the ground was slippery and dangerous during weekend booking,Negative,0
274,156,1,from what i saw very poor management system while testing the lighting,Negative,0
276,499,3,very unprofessional management and staff on a rainy day,Negative,0
277,494,1,to be honest very poor management system on a rainy day,Negative,0
278,167,1,in my opinion had to wait for a long time to get the court ready at night session,Negative,0
279,280,5,the ground condition was perfect for playing but very poor management system during peak hours,Positive,1
281,36,3,actually very unprofessional management and staff during our match time,Negative,0
282,130,1,had to wait for a long time to get the court ready but everything was well organized and managed during peak hours,Negative,0
283,299,2,actually staff was not responsive to issues but worth the money and time during peak hours,Negative,0
284,459,5,as a regular player very comfortable and enjoyable experience but the ground was slippery and dangerous during peak hours,Positive,1
285,341,5,from what i saw amazing experience will come again during weekend booking,Positive,1
286,347,5,well loved the turf and lighting setup while testing the lighting,Positive,1
287,6,3,on a rainy day,Positive,1
288,383,3,not satisfied,Negative,0
289,238,4,from what i saw the surface quality was very good while testing the lighting,Positive,1
290,248,1,from what i saw ground condition was not good during our regular game,Negative,0
291,60,3,will come again,Positive,1
292,402,2,actually not satisfied with the overall experience while playing with friends,Negative,0
293,35,4,based on my visit had a great time playing here but very unprofessional management and staff on a rainy day,Positive,1
294,56,5,great futsal court with excellent facilities during weekend booking,Positive,1
295,287,2,personally the lighting was dim and insufficient but one of the best futsal courts in the area during our match time,Negative,0
296,328,1,based on my visit facilities were outdated and not maintained during our match time,Negative,0
297,200,2,frankly speaking very poor management system we played in the evening,Negative,0
298,143,3,too costly yrr,Positive,1
299,188,3,good maintenance and clean surroundings but the staff was not helpful when we had issues during weekend booking,Positive,1
300,271,2,based on my visit too much delay in booking confirmation during weekend booking,Negative,0
301,59,5,in my opinion very professional staff and management while testing the lighting,Positive,1
302,410,3,based on my visit waste of money and time while testing the lighting,Negative,0
303,61,2,from what i saw the turf was damaged and unsafe while testing the lighting,Negative,0
304,199,5,overall the ground condition was perfect for playing while playing with friends,Positive,1
305,326,4,personally very professional staff and management while testing the lighting,Positive,1
306,96,1,well facilities were not clean at all while playing with friends,Negative,0
307,249,3,based on my visit loved the turf and lighting setup while testing the lighting,Positive,1
309,251,2,frankly speaking had a very bad time playing here while trying out the new turf,Negative,0
310,408,3,not bad,Positive,1
311,87,4,to be honest booking system was fast and easy we played in the evening,Positive,1
312,59,5,from what i saw very comfortable and enjoyable experience while trying out the new turf,Positive,1
313,390,3,as a regular player very comfortable and enjoyable experience on a rainy day,Positive,1
314,448,4,as a regular player affordable price with great quality but the court was not ready on time during our match time,Positive,1
315,225,1,based on my visit not satisfied with the overall experience at night session,Negative,0
316,353,5,overall really enjoyed playing here with friends during our match time,Positive,1
317,417,1,actually the environment was not welcoming at all but friendly staff and smooth booking process while testing the lighting,Negative,0
318,276,3,honestly not satisfied with the overall experience while testing the lighting,Negative,0
319,294,2,meh experience,Negative,0
320,471,2,as a regular player too crowded and not managed properly during weekend booking,Negative,0
321,65,5,worth it,Positive,1
322,390,3,personally friendly staff and smooth booking process during our match time,Positive,1
323,322,4,frankly speaking friendly staff and smooth booking process while trying out the new turf,Positive,1
324,207,3,based on my visit the best place to play futsal in town during weekend booking,Positive,1
325,298,4,to be honest spacious court and proper lighting setup on a rainy day,Positive,1
326,498,3,nice but little expensive,Negative,0
327,112,2,well overpriced for such poor quality on a rainy day,Negative,0
328,173,4,from my experience booking system was fast and easy while trying out the new turf,Positive,1
329,391,3,personally had to wait for a long time to get the court ready while testing the lighting,Negative,0
330,402,3,bad lighting but ground ok,Negative,0
331,234,4,honestly the court was spacious and well maintained providing ample room for players to enjoy their game without feeling cramped or overcrowded during weekend booking,Positive,1
332,353,1,will come again,Negative,0
333,48,4,well one of the best futsal courts in the area at night session,Positive,1
334,85,5,to be honest the ground condition was perfect for playing during weekend booking,Positive,1
336,110,1,from my experience the turf was damaged and unsafe during peak hours,Negative,0
337,5,2,personally bad experience with staff behavior while testing the lighting,Negative,0
338,441,3,could be better,Positive,1
339,375,3,personally very clean and well maintained ground while trying out the new turf,Positive,1
340,196,1,overall the ground was slippery and dangerous on a rainy day,Negative,0
341,313,1,ground condition was not good but good maintenance and clean surroundings while playing with friends,Negative,0
342,78,5,based on my visit the turf was in excellent condition and very safe on a rainy day,Positive,1
343,386,1,from what i saw not worth the price but amazing experience will come again while trying out the new turf,Negative,0
345,128,1,the court was not ready on time while playing with friends,Negative,0
346,14,3,from what i saw poor lighting and ventilation while testing the lighting,Negative,0
347,97,3,well not worth the price at night session,Negative,0
348,254,3,to be honest the booking process was seamless and efficient making it easy to reserve a court we played in the evening,Positive,1
349,185,1,from my experience overpriced for such poor quality while trying out the new turf,Negative,0
350,89,3,personally had a very bad time playing here during peak hours,Negative,0
351,135,3,great futsal court with excellent facilities during weekend booking,Positive,1
352,257,5,honestly highly recommended for futsal lovers during peak hours,Positive,1
353,316,3,frankly speaking the turf was damaged and unsafe during peak hours,Negative,0
354,41,4,nice but little expensive,Positive,1
355,325,5,from my experience very comfortable and enjoyable experience while playing with friends,Positive,1
356,489,3,well would not recommend this place during weekend booking,Negative,0
357,233,3,honestly very clean and well maintained ground during our match time,Positive,1
358,360,1,honestly waste of money and time but the staff was very helpful and friendly at night session,Negative,0
360,400,3,actually facilities were not clean at all at night session,Negative,0
361,140,2,actually very bad experience overall during weekend booking,Negative,0
362,185,5,to be honest the best place to play futsal in town but the price was too high for the quality offered while testing the lighting,Positive,1
363,189,1,not bad,Negative,0
364,346,3,bad lighting but ground ok,Negative,0
365,24,3,from my experience great futsal court with excellent facilities but court was dirty and poorly maintained during our regular game,Positive,1
366,284,1,frankly speaking waste of money and time while playing with friends,Negative,0
367,469,4,actually the surface quality was very good during peak hours,Positive,1
368,92,1,to be honest the ground was slippery and dangerous but excellent facilities and great atmosphere during weekend booking,Negative,0
369,444,4,as a regular player we played in the evening,Positive,1
370,189,3,to be honest very clean and well maintained ground on a rainy day,Positive,1
371,189,4,from what i saw the turf was in excellent condition and very safe at night session,Positive,1
372,78,3,based on my visit the turf was in excellent condition and very safe during our match time,Positive,1
373,120,3,will come again,Positive,1
374,435,2,well the worst futsal court i ve ever been to but excellent facilities and great atmosphere we played in the evening,Negative,0
375,215,1,to be honest not worth the price during weekend booking,Negative,0
376,460,1,honestly unhygienic changing rooms but the court was spacious and well maintained providing ample room for players to enjoy their game without feeling cramped or overcrowded while playing with friends,Negative,0
377,298,1,frankly speaking the price was too high for the quality offered on a rainy day,Negative,0
378,420,5,staff good but turf bad,Positive,1
379,122,3,from what i saw loved the turf and lighting setup while testing the lighting,Positive,1
380,120,2,in my opinion terrible experience will never come back during peak hours,Negative,0
381,400,1,too costly yrr,Negative,0
382,209,4,overall amazing experience will come again but the price was too high for the quality offered while playing with friends,Positive,1
383,232,3,loved it,Positive,1
384,424,2,to be honest the turf was damaged and unsafe but excellent facilities and great atmosphere during weekend booking,Negative,0
385,76,2,from what i saw not worth the price we played in the evening,Negative,0
386,203,2,not satisfied,Negative,0
387,16,3,well booking system was fast and easy at night session,Positive,1
388,237,3,based on my visit the turf was in excellent condition and very safe during our regular game,Positive,1
389,7,1,staff good but turf bad,Negative,0
390,102,3,not satisfied,Positive,1
391,12,3,in my opinion good maintenance and clean surroundings during weekend booking,Positive,1
392,63,2,from my experience too crowded and not managed properly but the environment was welcoming and created a great atmosphere for playing futsal making it a favorite spot for many players while trying out the new turf,Negative,0
393,87,3,never again,Positive,1
394,89,2,frankly speaking had to wait for a long time to get the court ready but excellent facilities and great atmosphere during peak hours,Negative,0
395,18,1,personally unhygienic changing rooms at night session,Negative,0
396,452,4,from what i saw the best place to play futsal in town during our match time,Positive,1
397,103,2,honestly unhygienic changing rooms during weekend booking,Negative,0
398,407,3,the court was not ready on time during our regular game,Negative,0
400,165,3,not satisfied with the overall experience while trying out the new turf,Negative,0
401,459,3,personally nice environment and good vibes overall we played in the evening,Positive,1
402,120,3,to be honest the court was overcrowded and chaotic we played in the evening,Negative,0
403,29,3,overall the court was not ready on time during our match time,Negative,0
404,91,1,from my experience staff was not responsive to issues while testing the lighting,Negative,0
405,486,2,in my opinion very bad experience overall on a rainy day,Negative,0
406,278,2,personally very poor management system while testing the lighting,Negative,0
407,270,3,based on my visit very clean and well maintained ground but bad experience with staff behavior we played in the evening,Positive,1
408,368,2,in my opinion very poor management system while testing the lighting,Negative,0
409,12,3,could be better,Positive,1
410,434,1,staff good but turf bad,Negative,0
411,203,3,in my opinion the ground was slippery and dangerous during weekend booking,Negative,0
412,486,5,in my opinion nice environment and good vibes overall but facilities were not clean at all at night session,Positive,1
413,496,5,well the best place to play futsal in town while trying out the new turf,Positive,1
414,194,1,from what i saw bad experience with staff behavior on a rainy day,Negative,0
415,486,3,actually too crowded and not managed properly but great futsal court with excellent facilities at night session,Negative,0
416,114,3,staff was rude and unhelpful but nice environment and good vibes overall while testing the lighting,Negative,0
417,122,3,overall friendly staff and smooth booking process while trying out the new turf,Positive,1
418,421,3,in my opinion the best place to play futsal in town while playing with friends,Positive,1
419,355,1,well very unprofessional management and staff but really enjoyed playing here with friends on a rainy day,Negative,0
420,369,1,worth it,Negative,0
422,280,4,personally had a great time playing here during peak hours,Positive,1
423,151,1,based on my visit bad experience with staff behavior but very clean and well maintained ground while testing the lighting,Negative,0
424,38,3,worth it,Positive,1
425,305,4,frankly speaking the turf was in excellent condition and very safe but the turf was damaged and unsafe while playing with friends,Positive,1
426,311,1,based on my visit the environment was not welcoming at all we played in the evening,Negative,0
427,210,3,personally amazing experience will come again we played in the evening,Positive,1
428,122,4,actually booking system was fast and easy during our regular game,Positive,1
430,422,2,personally the ground was slippery and dangerous but very clean and well maintained ground we played in the evening,Negative,0
431,327,3,from what i saw really enjoyed playing here with friends but not worth the price while trying out the new turf,Positive,1
432,242,2,overall booking system was confusing while trying out the new turf,Negative,0
433,95,2,well the turf was damaged and unsafe at night session,Negative,0
434,226,4,frankly speaking one of the best futsal courts in the area on a rainy day,Positive,1
435,343,3,from my experience good maintenance and clean surroundings but very disappointing experience at night session,Positive,1
436,420,2,as a regular player bad experience with staff behavior during peak hours,Negative,0
437,154,4,as a regular player good maintenance and clean surroundings while trying out the new turf,Positive,1
438,293,3,ok futsal not bad,Negative,0
439,62,3,excellent facilities and great atmosphere while testing the lighting,Positive,1
440,414,3,based on my visit while playing with friends,Positive,1
441,41,4,ok futsal not bad,Positive,1
442,133,5,frankly speaking the overall management of the facility was top notch ensuring a smooth and enjoyable experience for all players during our match time,Positive,1
443,283,4,actually very clean and well maintained ground during weekend booking,Positive,1
444,403,1,to be honest the price was too high for the quality offered during our regular game,Negative,0
445,291,1,from what i saw had a very bad time playing here but friendly staff and smooth booking process during our regular game,Negative,0
446,403,1,very disappointing experience during weekend booking,Negative,0
447,249,3,as a regular player had a very bad time playing here on a rainy day,Negative,0
448,317,3,based on my visit one of the best futsal courts in the area we played in the evening,Positive,1
449,354,2,actually staff was rude and unhelpful during peak hours,Negative,0
450,11,4,actually the court was spacious and well maintained providing ample room for players to enjoy their game without feeling cramped or overcrowded while trying out the new turf,Positive,1
451,440,4,everything was well organized and managed at night session,Positive,1
452,227,5,overall friendly staff and smooth booking process during our match time,Positive,1
453,46,5,in my opinion the turf was in excellent condition and very safe at night session,Positive,1
454,380,2,too costly yrr,Negative,0
455,160,3,as a regular player the overall management of the facility was top notch ensuring a smooth and enjoyable experience for all players but facilities were not clean at all on a rainy day,Positive,1
456,15,5,frankly speaking the lighting was perfect for night games and well distributed while playing with friends,Positive,1
457,128,3,too costly yrr,Positive,1
458,361,4,ok futsal not bad,Positive,1
459,259,4,loved it,Positive,1
460,229,5,overall the surface quality was very good we played in the evening,Positive,1
462,26,2,personally the turf was damaged and unsafe at night session,Negative,0
463,439,1,not bad,Negative,0
464,11,3,from my experience unhygienic changing rooms during our match time,Negative,0
465,89,3,the court was overcrowded and chaotic we played in the evening,Negative,0
466,365,2,honestly too much delay in booking confirmation during our match time,Negative,0
467,236,2,well the environment was not welcoming at all at night session,Negative,0
468,300,2,based on my visit the lighting was dim and insufficient at night session,Negative,0
470,153,4,in my opinion the best place to play futsal in town during our regular game,Positive,1
471,167,3,based on my visit the worst futsal court i ve ever been to during weekend booking,Negative,0
472,461,1,to be honest very poor management system but the lighting was perfect for night games and well distributed at night session,Negative,0
473,339,2,not good,Negative,0
474,465,2,personally had to wait for a long time to get the court ready we played in the evening,Negative,0
475,114,3,frankly speaking very poor management system we played in the evening,Negative,0
476,431,1,well not satisfied with the overall experience while trying out the new turf,Negative,0
477,133,5,as a regular player everything was well organized and managed but too crowded and not managed properly while playing with friends,Positive,1
478,336,4,as a regular player while playing with friends,Positive,1
479,382,1,loved it,Negative,0
480,238,2,frankly speaking the ground was slippery and dangerous on a rainy day,Negative,0
481,484,5,based on my visit the environment was welcoming and created a great atmosphere for playing futsal making it a favorite spot for many players we played in the evening,Positive,1
482,153,5,based on my visit highly recommended for futsal lovers but staff was not responsive to issues during our match time,Positive,1
483,458,5,personally really enjoyed playing here with friends while playing with friends,Positive,1
484,399,3,based on my visit nice environment and good vibes overall while playing with friends,Positive,1
485,91,5,could be better,Positive,1
486,296,1,honestly very unprofessional management and staff we played in the evening,Negative,0
487,220,3,based on my visit too crowded and not managed properly during weekend booking,Negative,0
488,192,5,based on my visit great futsal court with excellent facilities but very poor management system during peak hours,Positive,1
489,376,3,in my opinion very poor management system but great futsal court with excellent facilities during our regular game,Negative,0
490,302,3,actually would not recommend this place but very professional staff and management on a rainy day,Negative,0
491,373,4,overall everything was well organized and managed we played in the evening,Positive,1
492,176,3,as a regular player affordable price with great quality on a rainy day,Positive,1
493,117,3,based on my visit the lighting was perfect for night games and well distributed but facilities were outdated and not maintained on a rainy day,Positive,1
494,64,3,personally the turf was in excellent condition and very safe but the turf was uneven and caused injuries during our match time,Positive,1
495,395,4,well very professional staff and management we played in the evening,Positive,1
496,429,5,honestly loved the turf and lighting setup while testing the lighting,Positive,1
497,228,2,bad lighting but ground ok,Negative,0
498,356,1,as a regular player the court was overcrowded and chaotic at night session,Negative,0
499,267,5,honestly affordable price with great quality at night session,Positive,1
500,262,1,from what i saw had a very bad time playing here while playing with friends,Negative,0
501,102,4,overall amazing experience will come again at night session,Positive,1
502,184,3,the overall management of the facility was top notch ensuring a smooth and enjoyable experience for all players at night session,Positive,1
503,353,1,to be honest staff was rude and unhelpful while playing with friends,Negative,0
504,428,1,in my opinion court was dirty and poorly maintained but very clean and well maintained ground during our match time,Negative,0
505,371,3,based on my visit but the turf was uneven and caused injuries while playing with friends,Positive,1
506,136,2,to be honest the price was too high for the quality offered during our match time,Negative,0
507,411,4,overall the environment was welcoming and created a great atmosphere for playing futsal making it a favorite spot for many players but poor lighting and ventilation while playing with friends,Positive,1
508,5,1,frankly speaking very disappointing experience during weekend booking,Negative,0
509,490,2,well the worst futsal court i ve ever been to while playing with friends,Negative,0
510,59,3,actually the ground condition was perfect for playing during weekend booking,Positive,1
511,410,2,based on my visit staff was not responsive to issues at night session,Negative,0
512,54,3,amazing experience will come again but lighting was not good while playing with friends,Positive,1
513,93,4,from what i saw the booking process was seamless and efficient making it easy to reserve a court while trying out the new turf,Positive,1
514,472,4,worth the money and time but too crowded and not managed properly on a rainy day,Positive,1
515,7,2,frankly speaking staff was rude and unhelpful but the best place to play futsal in town while trying out the new turf,Negative,0
516,448,3,well bad experience with staff behavior during our regular game,Negative,0
517,128,5,as a regular player amazing experience will come again while testing the lighting,Positive,1
518,457,5,well friendly staff and smooth booking process during peak hours,Positive,1
519,435,5,honestly the best place to play futsal in town we played in the evening,Positive,1
520,124,2,based on my visit overpriced for such poor quality while playing with friends,Negative,0
521,194,3,to be honest the turf was uneven and caused injuries we played in the evening,Negative,0
522,230,3,from my experience the price was too high for the quality offered during weekend booking,Negative,0
526,106,3,honestly would not recommend this place during weekend booking,Negative,0
527,433,3,based on my visit the ground condition was perfect for playing on a rainy day,Positive,1
528,187,5,as a regular player worth the money and time while testing the lighting,Positive,1
529,175,3,overall the lighting was perfect for night games and well distributed during weekend booking,Positive,1
530,24,1,well the lighting was dim and insufficient at night session,Negative,0
531,210,5,based on my visit the overall management of the facility was top notch ensuring a smooth and enjoyable experience for all players while playing with friends,Positive,1
532,97,1,not good,Negative,0
534,475,3,from my experience amazing experience will come again on a rainy day,Positive,1
535,235,4,well amazing experience will come again while testing the lighting,Positive,1
536,284,1,as a regular player had to wait for a long time to get the court ready but the turf was in excellent condition and very safe while playing with friends,Negative,0
537,355,3,from what i saw the court was spacious and well maintained providing ample room for players to enjoy their game without feeling cramped or overcrowded while trying out the new turf,Positive,1
538,311,3,actually very disappointing experience while playing with friends,Negative,0
539,391,3,as a regular player had a very bad time playing here during peak hours,Negative,0
540,71,3,frankly speaking everything was well organized and managed on a rainy day,Positive,1
541,441,3,actually would not recommend this place during our regular game,Negative,0
542,320,3,actually the best place to play futsal in town during our regular game,Positive,1
543,333,5,well the court was spacious and well maintained providing ample room for players to enjoy their game without feeling cramped or overcrowded on a rainy day,Positive,1
544,364,4,personally very comfortable and enjoyable experience during our regular game,Positive,1
545,246,5,loved it,Positive,1
546,147,5,well excellent facilities and great atmosphere during peak hours,Positive,1
547,28,1,frankly speaking the lighting was dim and insufficient but very professional staff and management we played in the evening,Negative,0
548,129,3,from my experience facilities were not clean at all at night session,Negative,0
549,402,5,ok futsal not bad,Positive,1
550,53,4,loved the turf and lighting setup during our regular game,Positive,1
551,288,5,well the environment was welcoming and created a great atmosphere for playing futsal making it a favorite spot for many players during our regular game,Positive,1
552,199,4,as a regular player the staff was very helpful and friendly at night session,Positive,1
553,381,3,on a rainy day,Positive,1
554,364,3,from what i saw bad experience with staff behavior while trying out the new turf,Negative,0
555,398,1,the staff was not helpful when we had issues while testing the lighting,Negative,0
556,493,3,from my experience spacious court and proper lighting setup but overpriced for such poor quality at night session,Positive,1
558,136,5,worth it,Positive,1
559,3,4,not bad,Positive,1
560,27,3,actually staff was rude and unhelpful but nice environment and good vibes overall while playing with friends,Negative,0
561,282,3,well would not recommend this place while testing the lighting,Negative,0
562,267,1,the lighting was dim and insufficient on a rainy day,Negative,0
564,340,3,frankly speaking the ground condition was perfect for playing during weekend booking,Positive,1
565,272,3,in my opinion not worth the price at night session,Negative,0
566,124,2,as a regular player booking system was confusing we played in the evening,Negative,0
567,454,5,from what i saw the surface quality was very good while testing the lighting,Positive,1
568,145,5,very professional staff and management during weekend booking,Positive,1
570,99,3,based on my visit staff was rude and unhelpful while trying out the new turf,Negative,0
571,274,5,overall one of the best futsal courts in the area during weekend booking,Positive,1
572,344,3,nice but little expensive,Positive,1
573,450,5,from my experience the overall management of the facility was top notch ensuring a smooth and enjoyable experience for all players but the staff was not helpful when we had issues during peak hours,Positive,1
574,383,3,the best place to play futsal in town during peak hours,Positive,1
575,92,1,honestly the worst futsal court i ve ever been to but very clean and well maintained ground while trying out the new turf,Negative,0
576,199,2,as a regular player bad experience with staff behavior during weekend booking,Negative,0
577,4,5,frankly speaking nice environment and good vibes overall but booking system was confusing during peak hours,Positive,1
578,184,1,from what i saw staff was rude and unhelpful during weekend booking,Negative,0
579,392,2,overall would not recommend this place at night session,Negative,0
580,113,3,frankly speaking very bad experience overall during peak hours,Negative,0
582,332,5,personally excellent facilities and great atmosphere at night session,Positive,1
583,22,3,honestly the environment was welcoming and created a great atmosphere for playing futsal making it a favorite spot for many players during our regular game,Positive,1
584,276,4,not good,Positive,1
585,177,3,overall not worth the price at night session,Negative,0
586,428,3,well ground condition was not good but the surface quality was very good during our regular game,Negative,0
587,237,3,overall lighting was not good while playing with friends,Negative,0
588,372,1,overall overpriced for such poor quality at night session,Negative,0
589,52,1,in my opinion too crowded and not managed properly on a rainy day,Negative,0
590,316,2,overall terrible experience will never come back during our match time,Negative,0
591,414,2,actually ground condition was not good while testing the lighting,Negative,0
592,365,1,frankly speaking court was dirty and poorly maintained while playing with friends,Negative,0
593,376,5,frankly speaking the overall management of the facility was top notch ensuring a smooth and enjoyable experience for all players at night session,Positive,1
594,250,4,based on my visit spacious court and proper lighting setup while trying out the new turf,Positive,1
595,457,3,personally very clean and well maintained ground while testing the lighting,Positive,1
596,324,3,to be honest overpriced for such poor quality during weekend booking,Negative,0
597,208,5,not bad,Positive,1
598,242,5,from my experience very comfortable and enjoyable experience we played in the evening,Positive,1
599,376,3,personally facilities were outdated and not maintained on a rainy day,Negative,0
600,187,4,personally highly recommended for futsal lovers while trying out the new turf,Positive,1
601,351,5,well the environment was welcoming and created a great atmosphere for playing futsal making it a favorite spot for many players during our match time,Positive,1
603,338,3,not bad,Negative,0
604,390,3,personally while trying out the new turf,Positive,1
605,106,5,overall the ground condition was perfect for playing at night session,Positive,1
606,452,2,staff was not responsive to issues on a rainy day,Negative,0
608,279,5,as a regular player the overall management of the facility was top notch ensuring a smooth and enjoyable experience for all players at night session,Positive,1
609,265,1,frankly speaking the ground was slippery and dangerous during peak hours,Negative,0
610,250,4,from my experience very professional staff and management during our regular game,Positive,1
611,85,2,from what i saw the turf was uneven and caused injuries we played in the evening,Negative,0
612,309,4,as a regular player really enjoyed playing here with friends but facilities were not clean at all at night session,Positive,1
613,59,3,overall had a very bad time playing here during our match time,Negative,0
614,427,3,based on my visit not worth the price while trying out the new turf,Negative,0
615,69,3,from my experience friendly staff and smooth booking process we played in the evening,Positive,1
616,265,3,honestly friendly staff and smooth booking process but too much delay in booking confirmation while testing the lighting,Positive,1
617,111,3,from what i saw the best place to play futsal in town but poor lighting and ventilation while testing the lighting,Positive,1
618,308,2,based on my visit facilities were not clean at all while trying out the new turf,Negative,0
619,320,3,not bad,Positive,1
620,303,3,to be honest the worst futsal court i ve ever been to while playing with friends,Negative,0
622,441,5,too costly yrr,Positive,1
623,244,3,well the overall management of the facility was top notch ensuring a smooth and enjoyable experience for all players but very disappointing experience during peak hours,Positive,1
624,48,1,from what i saw the staff was not helpful when we had issues we played in the evening,Negative,0
625,333,3,personally the staff was not helpful when we had issues while testing the lighting,Negative,0
626,118,2,frankly speaking staff was rude and unhelpful on a rainy day,Negative,0
627,465,5,based on my visit the ground condition was perfect for playing during peak hours,Positive,1
628,245,2,actually very disappointing experience while testing the lighting,Negative,0
629,132,4,overall worth the money and time at night session,Positive,1
630,268,3,good court but price high,Negative,0
631,336,4,good court but price high,Positive,1
632,219,1,had a very bad time playing here on a rainy day,Negative,0
633,188,5,to be honest the environment was welcoming and created a great atmosphere for playing futsal making it a favorite spot for many players at night session,Positive,1
634,402,5,well the lighting was perfect for night games and well distributed during peak hours,Positive,1
635,158,4,personally very comfortable and enjoyable experience on a rainy day,Positive,1
636,61,3,too crowded and not managed properly during peak hours,Negative,0
637,403,2,based on my visit very disappointing experience while playing with friends,Negative,0
638,3,3,as a regular player lighting was not good but while testing the lighting,Negative,0
639,33,3,personally the court was spacious and well maintained providing ample room for players to enjoy their game without feeling cramped or overcrowded while trying out the new turf,Positive,1
640,315,2,in my opinion staff was rude and unhelpful during weekend booking,Negative,0
641,328,3,to be honest loved the turf and lighting setup while testing the lighting,Positive,1
642,402,1,honestly the lighting was dim and insufficient during our match time,Negative,0
643,123,4,as a regular player worth the money and time but staff was rude and unhelpful during our match time,Positive,1
644,343,4,personally booking system was fast and easy during weekend booking,Positive,1
645,282,3,from what i saw highly recommended for futsal lovers but overpriced for such poor quality during our match time,Positive,1
646,116,4,as a regular player the ground condition was perfect for playing while testing the lighting,Positive,1
647,90,2,from my experience facilities were outdated and not maintained while trying out the new turf,Negative,0
648,485,2,overall overpriced for such poor quality during our regular game,Negative,0
650,289,2,too much delay in booking confirmation while testing the lighting,Negative,0
651,442,3,from my experience the price was too high for the quality offered on a rainy day,Negative,0
652,35,4,bad lighting but ground ok,Positive,1
653,212,4,excellent facilities and great atmosphere during our match time,Positive,1
654,128,4,as a regular player great futsal court with excellent facilities during our regular game,Positive,1
655,244,3,frankly speaking very clean and well maintained ground on a rainy day,Positive,1
656,477,3,from my experience unhygienic changing rooms but the turf was in excellent condition and very safe while testing the lighting,Negative,0
657,106,2,based on my visit the court was not ready on time during our match time,Negative,0
658,472,1,from my experience not satisfied with the overall experience but amazing experience will come again while testing the lighting,Negative,0
661,445,3,from what i saw had to wait for a long time to get the court ready on a rainy day,Negative,0
662,66,5,personally booking system was fast and easy during our regular game,Positive,1
663,482,2,will come again,Negative,0
664,235,1,as a regular player facilities were outdated and not maintained on a rainy day,Negative,0
665,7,1,actually the price was too high for the quality offered during our regular game,Negative,0
666,442,3,frankly speaking very disappointing experience while testing the lighting,Negative,0
667,176,5,as a regular player the surface quality was very good at night session,Positive,1
668,187,4,based on my visit really enjoyed playing here with friends during peak hours,Positive,1
669,352,5,to be honest one of the best futsal courts in the area while trying out the new turf,Positive,1
670,439,4,overall the booking process was seamless and efficient making it easy to reserve a court at night session,Positive,1
671,216,3,personally had a great time playing here while playing with friends,Positive,1
672,154,4,well very comfortable and enjoyable experience during our regular game,Positive,1
673,111,3,from what i saw very professional staff and management but facilities were not clean at all we played in the evening,Positive,1
674,185,2,based on my visit very unprofessional management and staff during weekend booking,Negative,0
675,445,2,as a regular player not satisfied with the overall experience but amazing experience will come again at night session,Negative,0
676,182,2,from what i saw the staff was not helpful when we had issues but the lighting was perfect for night games and well distributed during our match time,Negative,0
677,196,3,as a regular player the lighting was perfect for night games and well distributed while trying out the new turf,Positive,1
678,216,2,based on my visit facilities were not clean at all while playing with friends,Negative,0
679,161,1,from what i saw overpriced for such poor quality but nice environment and good vibes overall during peak hours,Negative,0
680,400,2,to be honest facilities were outdated and not maintained at night session,Negative,0
681,86,4,in my opinion highly recommended for futsal lovers while testing the lighting,Positive,1
682,373,1,good court but price high,Negative,0
683,33,1,to be honest not worth the price but amazing experience will come again during weekend booking,Negative,0
684,392,5,based on my visit loved the turf and lighting setup but facilities were outdated and not maintained during our regular game,Positive,1
685,159,2,overall ground condition was not good but the court was spacious and well maintained providing ample room for players to enjoy their game without feeling cramped or overcrowded at night session,Negative,0
686,270,3,actually spacious court and proper lighting setup at night session,Positive,1
687,443,4,honestly excellent facilities and great atmosphere we played in the evening,Positive,1
688,277,3,as a regular player very unprofessional management and staff but at night session,Negative,0
689,324,4,not good,Positive,1
690,159,3,from what i saw the lighting was dim and insufficient during peak hours,Negative,0
691,158,2,based on my visit bad experience with staff behavior during our regular game,Negative,0
692,177,1,to be honest would not recommend this place but highly recommended for futsal lovers while playing with friends,Negative,0
693,154,2,as a regular player had to wait for a long time to get the court ready we played in the evening,Negative,0
694,306,2,will come again,Negative,0
695,224,3,honestly the ground was slippery and dangerous but the price was reasonable for the quality of the facilities and the overall experience provided making it a great value for money during our regular game,Negative,0
696,217,1,personally staff was not responsive to issues during peak hours,Negative,0
697,146,4,as a regular player the booking process was seamless and efficient making it easy to reserve a court while testing the lighting,Positive,1
698,70,3,as a regular player affordable price with great quality but overpriced for such poor quality at night session,Positive,1
699,252,3,well very unprofessional management and staff while trying out the new turf,Negative,0
700,26,3,good court but price high,Positive,1
701,367,3,honestly amazing experience will come again while playing with friends,Positive,1
702,176,1,honestly the turf was damaged and unsafe but had a great time playing here during our match time,Negative,0
703,170,1,the ground was slippery and dangerous while trying out the new turf,Negative,0
704,137,1,staff good but turf bad,Negative,0
705,425,4,overall had a great time playing here but too much delay in booking confirmation during our regular game,Positive,1
706,395,2,not satisfied,Negative,0
707,267,1,from my experience very poor management system we played in the evening,Negative,0
708,480,4,from my experience very professional staff and management while trying out the new turf,Positive,1
709,153,3,well the lighting was dim and insufficient but had a great time playing here we played in the evening,Negative,0
710,112,5,ok futsal not bad,Positive,1
711,300,2,from my experience terrible experience will never come back but the booking process was seamless and efficient making it easy to reserve a court during peak hours,Negative,0
712,497,3,not satisfied,Positive,1
714,81,3,nice but little expensive,Positive,1
715,31,5,well nice environment and good vibes overall while testing the lighting,Positive,1
717,404,3,overall had to wait for a long time to get the court ready while playing with friends,Negative,0
718,371,2,in my opinion very poor management system but very professional staff and management while trying out the new turf,Negative,0
719,362,2,ok futsal not bad,Negative,0
720,96,5,to be honest the staff was very helpful and friendly during our regular game,Positive,1
721,469,5,in my opinion booking system was fast and easy while trying out the new turf,Positive,1
722,278,2,personally the lighting was dim and insufficient but everything was well organized and managed during weekend booking,Negative,0
723,318,1,honestly staff was not responsive to issues during our regular game,Negative,0
724,338,3,the surface quality was very good while testing the lighting,Positive,1
725,79,5,frankly speaking highly recommended for futsal lovers during our match time,Positive,1
726,35,3,in my opinion terrible experience will never come back but highly recommended for futsal lovers during peak hours,Negative,0
727,448,1,staff good but turf bad,Negative,0
728,99,4,bad lighting but ground ok,Positive,1
729,429,5,not bad,Positive,1
730,368,3,based on my visit too much delay in booking confirmation but the surface quality was very good during our regular game,Negative,0
731,252,5,too costly yrr,Positive,1
732,481,3,overall lighting was not good while trying out the new turf,Negative,0
733,21,5,in my opinion the overall management of the facility was top notch ensuring a smooth and enjoyable experience for all players we played in the evening,Positive,1
734,52,1,to be honest not worth the price during weekend booking,Negative,0
735,321,5,as a regular player really enjoyed playing here with friends but the court was not ready on time during peak hours,Positive,1
736,296,5,as a regular player affordable price with great quality during our regular game,Positive,1
737,206,5,based on my visit the price was reasonable for the quality of the facilities and the overall experience provided making it a great value for money but waste of money and time during peak hours,Positive,1
738,478,2,well the staff was not helpful when we had issues while playing with friends,Negative,0
739,392,4,in my opinion nice environment and good vibes overall during our regular game,Positive,1
740,193,1,actually the court was not ready on time on a rainy day,Negative,0
741,492,4,actually the ground condition was perfect for playing at night session,Positive,1
742,70,5,actually everything was well organized and managed we played in the evening,Positive,1
743,439,3,to be honest everything was well organized and managed we played in the evening,Positive,1
744,80,3,the turf was uneven and caused injuries at night session,Negative,0
745,80,4,never again,Positive,1
746,128,5,loved it,Positive,1
747,470,5,very clean and well maintained ground at night session,Positive,1
748,360,3,overall the court was overcrowded and chaotic but the overall management of the facility was top notch ensuring a smooth and enjoyable experience for all players on a rainy day,Negative,0
749,414,5,overall the best place to play futsal in town while testing the lighting,Positive,1
750,451,4,overall the court was spacious and well maintained providing ample room for players to enjoy their game without feeling cramped or overcrowded we played in the evening,Positive,1
751,476,3,frankly speaking bad experience with staff behavior during weekend booking,Negative,0
753,258,4,honestly very comfortable and enjoyable experience on a rainy day,Positive,1
754,295,3,personally facilities were outdated and not maintained we played in the evening,Negative,0
755,68,1,from my experience poor lighting and ventilation during peak hours,Negative,0
756,44,2,based on my visit lighting was not good while testing the lighting,Negative,0
757,203,4,frankly speaking the lighting was perfect for night games and well distributed but very poor management system while playing with friends,Positive,1
758,127,5,from my experience worth the money and time during our regular game,Positive,1
759,46,3,to be honest terrible experience will never come back during peak hours,Negative,0
760,188,4,will come again,Positive,1
761,87,4,in my opinion worth the money and time on a rainy day,Positive,1
762,103,3,from what i saw worth the money and time but staff was rude and unhelpful while trying out the new turf,Positive,1
763,486,3,personally amazing experience will come again during weekend booking,Positive,1
764,157,3,personally great futsal court with excellent facilities at night session,Positive,1
765,105,1,honestly not worth the price on a rainy day,Negative,0
766,356,1,the court was overcrowded and chaotic at night session,Negative,0
767,146,1,honestly the lighting was dim and insufficient but one of the best futsal courts in the area during peak hours,Negative,0
768,35,1,actually unhygienic changing rooms but the best place to play futsal in town while testing the lighting,Negative,0
769,198,5,to be honest the environment was welcoming and created a great atmosphere for playing futsal making it a favorite spot for many players but poor lighting and ventilation on a rainy day,Positive,1
770,444,2,frankly speaking very disappointing experience during our regular game,Negative,0
771,288,4,overall really enjoyed playing here with friends while playing with friends,Positive,1
772,171,2,honestly the court was not ready on time we played in the evening,Negative,0
773,182,2,actually very bad experience overall while playing with friends,Negative,0
774,132,3,from my experience unhygienic changing rooms during our regular game,Negative,0
775,460,2,honestly unhygienic changing rooms during our regular game,Negative,0
776,314,5,personally the turf was in excellent condition and very safe during weekend booking,Positive,1
777,219,1,well had a very bad time playing here during our match time,Negative,0
778,335,3,from what i saw spacious court and proper lighting setup on a rainy day,Positive,1
780,466,5,personally the staff was very helpful and friendly at night session,Positive,1
781,478,3,staff good but turf bad,Negative,0
782,61,3,personally overpriced for such poor quality on a rainy day,Negative,0
783,16,5,staff good but turf bad,Positive,1
784,478,5,frankly speaking everything was well organized and managed during peak hours,Positive,1
785,316,5,personally amazing experience will come again but very bad experience overall during our match time,Positive,1
786,352,1,from what i saw bad experience with staff behavior while testing the lighting,Negative,0
787,400,5,nice but little expensive,Positive,1
788,95,4,as a regular player had a great time playing here while testing the lighting,Positive,1
789,210,3,based on my visit friendly staff and smooth booking process but bad experience with staff behavior while trying out the new turf,Positive,1
790,104,3,honestly had a very bad time playing here at night session,Negative,0
791,353,2,overall very unprofessional management and staff while playing with friends,Negative,0
792,312,1,based on my visit the environment was not welcoming at all during our match time,Negative,0
793,293,3,frankly speaking facilities were outdated and not maintained on a rainy day,Negative,0
794,450,3,as a regular player highly recommended for futsal lovers but the price was too high for the quality offered we played in the evening,Positive,1
795,286,3,as a regular player very professional staff and management during our regular game,Positive,1
796,453,2,very poor management system we played in the evening,Negative,0
797,471,5,to be honest one of the best futsal courts in the area while trying out the new turf,Positive,1
799,481,3,based on my visit the turf was uneven and caused injuries but the lighting was perfect for night games and well distributed during weekend booking,Negative,0
800,13,4,as a regular player very professional staff and management while playing with friends,Positive,1
801,459,5,not bad,Positive,1
802,465,3,based on my visit too much delay in booking confirmation during weekend booking,Negative,0
803,186,5,personally very clean and well maintained ground but very unprofessional management and staff during weekend booking,Positive,1
805,394,3,from what i saw very professional staff and management while playing with friends,Positive,1
806,447,5,could be better,Positive,1
807,158,4,personally the environment was welcoming and created a great atmosphere for playing futsal making it a favorite spot for many players but lighting was not good while playing with friends,Positive,1
808,461,1,poor lighting and ventilation while trying out the new turf,Negative,0
809,319,1,too costly yrr,Negative,0
810,414,3,honestly had to wait for a long time to get the court ready while trying out the new turf,Negative,0
812,308,5,based on my visit affordable price with great quality while trying out the new turf,Positive,1
814,75,3,from my experience one of the best futsal courts in the area but not satisfied with the overall experience we played in the evening,Positive,1
815,472,4,well the overall management of the facility was top notch ensuring a smooth and enjoyable experience for all players while testing the lighting,Positive,1
816,92,2,bad lighting but ground ok,Negative,0
817,339,3,meh experience,Negative,0
818,297,3,from what i saw waste of money and time while testing the lighting,Negative,0
819,460,4,honestly the lighting was perfect for night games and well distributed during weekend booking,Positive,1
820,242,4,overall the overall management of the facility was top notch ensuring a smooth and enjoyable experience for all players during peak hours,Positive,1
821,270,2,worth it,Negative,0
822,248,3,from my experience worth the money and time but the lighting was dim and insufficient during our match time,Positive,1
823,133,2,from what i saw the environment was not welcoming at all at night session,Negative,0
824,374,5,from what i saw the court was spacious and well maintained providing ample room for players to enjoy their game without feeling cramped or overcrowded but had to wait for a long time to get the court ready on a rainy day,Positive,1
825,149,5,based on my visit the price was reasonable for the quality of the facilities and the overall experience provided making it a great value for money while playing with friends,Positive,1
826,378,3,honestly great futsal court with excellent facilities during weekend booking,Positive,1
827,180,4,affordable price with great quality while testing the lighting,Positive,1
828,145,3,well court was dirty and poorly maintained during our match time,Negative,0
829,393,4,overall everything was well organized and managed at night session,Positive,1
831,170,3,from what i saw but waste of money and time while testing the lighting,Positive,1
832,331,3,well the court was spacious and well maintained providing ample room for players to enjoy their game without feeling cramped or overcrowded while trying out the new turf,Positive,1
833,236,5,staff good but turf bad,Positive,1
834,476,2,as a regular player the price was too high for the quality offered on a rainy day,Negative,0
835,285,4,as a regular player good maintenance and clean surroundings at night session,Positive,1
836,34,4,from my experience excellent facilities and great atmosphere while testing the lighting,Positive,1
837,274,3,to be honest the worst futsal court i ve ever been to we played in the evening,Negative,0
838,362,2,from what i saw staff was not responsive to issues but amazing experience will come again while testing the lighting,Negative,0
839,450,4,actually booking system was fast and easy we played in the evening,Positive,1
840,58,1,based on my visit not worth the price at night session,Negative,0
841,410,1,honestly the turf was damaged and unsafe during our match time,Negative,0
842,376,2,as a regular player very poor management system while playing with friends,Negative,0
843,421,1,to be honest ground condition was not good on a rainy day,Negative,0
844,199,4,as a regular player really enjoyed playing here with friends while playing with friends,Positive,1
845,352,1,as a regular player court was dirty and poorly maintained during weekend booking,Negative,0
846,267,3,overall spacious court and proper lighting setup on a rainy day,Positive,1
847,328,4,actually great futsal court with excellent facilities at night session,Positive,1
848,164,3,in my opinion very poor management system during our match time,Negative,0
849,8,3,well booking system was fast and easy but unhygienic changing rooms during weekend booking,Positive,1
850,282,4,as a regular player amazing experience will come again during our regular game,Positive,1
851,160,3,personally good maintenance and clean surroundings at night session,Positive,1
852,463,2,in my opinion very unprofessional management and staff but great futsal court with excellent facilities during our regular game,Negative,0
853,361,3,overall loved the turf and lighting setup but facilities were outdated and not maintained during peak hours,Positive,1
854,366,1,from what i saw not satisfied with the overall experience while trying out the new turf,Negative,0
855,291,2,the turf was damaged and unsafe during our regular game,Negative,0
856,234,3,never again,Positive,1
857,74,1,well the court was overcrowded and chaotic while trying out the new turf,Negative,0
858,359,3,from what i saw the court was spacious and well maintained providing ample room for players to enjoy their game without feeling cramped or overcrowded at night session,Positive,1
859,244,3,in my opinion spacious court and proper lighting setup on a rainy day,Positive,1
861,295,5,loved it,Positive,1
862,419,2,bad lighting but ground ok,Negative,0
863,237,3,overall overpriced for such poor quality on a rainy day,Negative,0
864,499,3,frankly speaking worth the money and time during our match time,Positive,1
865,221,5,overall really enjoyed playing here with friends on a rainy day,Positive,1
866,89,1,frankly speaking the worst futsal court i ve ever been to while testing the lighting,Negative,0
867,167,2,overall had to wait for a long time to get the court ready but worth the money and time while testing the lighting,Negative,0
868,307,1,based on my visit would not recommend this place while playing with friends,Negative,0
869,168,4,not good,Positive,1
870,455,1,well the turf was damaged and unsafe we played in the evening,Negative,0
871,273,2,ground condition was not good we played in the evening,Negative,0
872,292,4,from what i saw spacious court and proper lighting setup but terrible experience will never come back while testing the lighting,Positive,1
873,368,4,well the court was spacious and well maintained providing ample room for players to enjoy their game without feeling cramped or overcrowded at night session,Positive,1
874,207,3,in my opinion court was dirty and poorly maintained during weekend booking,Negative,0
875,1,3,to be honest the ground condition was perfect for playing we played in the evening,Positive,1
876,222,1,in my opinion poor lighting and ventilation during weekend booking,Negative,0
877,280,2,frankly speaking staff was not responsive to issues on a rainy day,Negative,0
878,431,2,personally too crowded and not managed properly but very professional staff and management while trying out the new turf,Negative,0
879,74,1,to be honest too crowded and not managed properly but the best place to play futsal in town while playing with friends,Negative,0
880,458,4,based on my visit friendly staff and smooth booking process but had a very bad time playing here during peak hours,Positive,1
881,283,2,from what i saw waste of money and time during peak hours,Negative,0
882,256,5,frankly speaking the surface quality was very good but court was dirty and poorly maintained on a rainy day,Positive,1
883,296,5,from my experience booking system was fast and easy during our regular game,Positive,1
884,298,3,honestly had a great time playing here while testing the lighting,Positive,1
885,440,3,actually ground condition was not good during weekend booking,Negative,0
886,456,3,the price was too high for the quality offered at night session,Negative,0
887,40,5,from my experience the best place to play futsal in town while trying out the new turf,Positive,1
888,274,2,as a regular player would not recommend this place while testing the lighting,Negative,0
889,376,5,based on my visit highly recommended for futsal lovers while trying out the new turf,Positive,1
890,384,3,in my opinion poor lighting and ventilation but the staff was very helpful and friendly at night session,Negative,0
891,87,3,too much delay in booking confirmation but had a great time playing here while testing the lighting,Negative,0
892,147,3,well the booking process was seamless and efficient making it easy to reserve a court at night session,Positive,1
893,130,4,personally very clean and well maintained ground during our regular game,Positive,1
894,440,4,worth it,Positive,1
895,229,5,actually worth the money and time but ground condition was not good during weekend booking,Positive,1
896,93,4,personally the booking process was seamless and efficient making it easy to reserve a court at night session,Positive,1
897,479,3,honestly the turf was damaged and unsafe on a rainy day,Negative,0
898,372,2,based on my visit staff was not responsive to issues during peak hours,Negative,0
899,329,3,from my experience the turf was in excellent condition and very safe while testing the lighting,Positive,1
900,155,2,overall facilities were not clean at all we played in the evening,Negative,0
901,200,5,the surface quality was very good during our regular game,Positive,1
902,475,4,personally the environment was welcoming and created a great atmosphere for playing futsal making it a favorite spot for many players during our regular game,Positive,1
903,50,1,frankly speaking the lighting was dim and insufficient on a rainy day,Negative,0
904,471,5,well on a rainy day,Positive,1
905,131,3,to be honest booking system was fast and easy on a rainy day,Positive,1
906,395,3,frankly speaking the court was not ready on time while trying out the new turf,Negative,0
907,354,3,could be better,Negative,0
908,7,3,in my opinion great futsal court with excellent facilities during our regular game,Positive,1
909,146,3,as a regular player very unprofessional management and staff during weekend booking,Negative,0
910,458,3,honestly the turf was damaged and unsafe but worth the money and time we played in the evening,Negative,0
911,439,3,from what i saw the staff was very helpful and friendly during weekend booking,Positive,1
912,357,3,frankly speaking the booking process was seamless and efficient making it easy to reserve a court while testing the lighting,Positive,1
913,339,2,meh experience,Negative,0
914,355,4,well the court was spacious and well maintained providing ample room for players to enjoy their game without feeling cramped or overcrowded while trying out the new turf,Positive,1
915,398,4,booking system was fast and easy but overpriced for such poor quality on a rainy day,Positive,1
917,313,1,to be honest very unprofessional management and staff but the court was spacious and well maintained providing ample room for players to enjoy their game without feeling cramped or overcrowded while playing with friends,Negative,0
918,315,3,well amazing experience will come again but the environment was not welcoming at all while trying out the new turf,Positive,1
919,373,3,based on my visit very disappointing experience but very clean and well maintained ground at night session,Negative,0
920,328,5,based on my visit the price was reasonable for the quality of the facilities and the overall experience provided making it a great value for money we played in the evening,Positive,1
921,200,5,ok futsal not bad,Positive,1
922,264,3,actually the price was reasonable for the quality of the facilities and the overall experience provided making it a great value for money on a rainy day,Positive,1
923,400,5,had a great time playing here while trying out the new turf,Positive,1
924,419,3,overall bad experience with staff behavior but during our regular game,Negative,0
925,171,4,overall very comfortable and enjoyable experience while testing the lighting,Positive,1
926,47,5,frankly speaking the best place to play futsal in town we played in the evening,Positive,1
927,332,2,in my opinion the price was too high for the quality offered during weekend booking,Negative,0
928,357,2,as a regular player staff was not responsive to issues we played in the evening,Negative,0
929,377,2,overall had to wait for a long time to get the court ready but the best place to play futsal in town on a rainy day,Negative,0
930,13,1,ok futsal not bad,Negative,0
931,330,3,from what i saw had to wait for a long time to get the court ready during our match time,Negative,0
932,404,2,as a regular player very bad experience overall but loved the turf and lighting setup while trying out the new turf,Negative,0
933,268,3,frankly speaking not worth the price during weekend booking,Negative,0
934,474,1,well ground condition was not good during our regular game,Negative,0
935,335,4,staff good but turf bad,Positive,1
936,125,1,not good,Negative,0
937,421,2,personally waste of money and time we played in the evening,Negative,0
938,419,3,based on my visit one of the best futsal courts in the area while testing the lighting,Positive,1
939,33,3,overall worth the money and time while trying out the new turf,Positive,1
940,348,5,frankly speaking the booking process was seamless and efficient making it easy to reserve a court on a rainy day,Positive,1
941,304,3,overall very comfortable and enjoyable experience but not worth the price while testing the lighting,Positive,1
942,141,3,nice but little expensive,Positive,1
943,357,3,will come again,Positive,1
944,69,1,personally the court was not ready on time while trying out the new turf,Negative,0
946,362,1,honestly the turf was damaged and unsafe but one of the best futsal courts in the area while trying out the new turf,Negative,0
947,355,4,to be honest the staff was very helpful and friendly during peak hours,Positive,1
948,139,5,staff good but turf bad,Positive,1
949,306,1,frankly speaking waste of money and time during our match time,Negative,0
951,215,4,meh experience,Positive,1
952,61,3,not satisfied,Positive,1
953,260,3,overall the ground was slippery and dangerous while testing the lighting,Negative,0
954,351,1,unhygienic changing rooms but amazing experience will come again during our match time,Negative,0
955,28,1,based on my visit waste of money and time but the court was spacious and well maintained providing ample room for players to enjoy their game without feeling cramped or overcrowded while trying out the new turf,Negative,0
956,413,5,to be honest affordable price with great quality during our match time,Positive,1
957,91,5,based on my visit amazing experience will come again we played in the evening,Positive,1
958,264,2,good court but price high,Negative,0
959,228,5,not satisfied,Positive,1
960,118,2,in my opinion very poor management system during peak hours,Negative,0
961,446,2,in my opinion very disappointing experience during our match time,Negative,0
962,242,1,not satisfied,Negative,0
963,233,3,honestly ground condition was not good during peak hours,Negative,0
964,235,1,loved it,Negative,0
965,17,1,well unhygienic changing rooms on a rainy day,Negative,0
966,215,2,honestly too crowded and not managed properly but spacious court and proper lighting setup at night session,Negative,0
967,454,3,could be better,Positive,1
968,211,3,personally the price was reasonable for the quality of the facilities and the overall experience provided making it a great value for money but bad experience with staff behavior while testing the lighting,Positive,1
969,8,2,based on my visit the court was overcrowded and chaotic during our match time,Negative,0
970,114,3,actually the court was not ready on time during our match time,Negative,0
971,21,1,from what i saw court was dirty and poorly maintained while playing with friends,Negative,0
972,246,4,actually loved the turf and lighting setup during our regular game,Positive,1
973,286,1,actually very unprofessional management and staff during weekend booking,Negative,0
974,152,4,actually during peak hours,Positive,1
975,361,1,overall the court was overcrowded and chaotic we played in the evening,Negative,0
976,396,4,from what i saw great futsal court with excellent facilities while testing the lighting,Positive,1
978,37,5,well the staff was very helpful and friendly while trying out the new turf,Positive,1
979,358,2,actually the lighting was dim and insufficient but affordable price with great quality on a rainy day,Negative,0
980,42,5,as a regular player the booking process was seamless and efficient making it easy to reserve a court while testing the lighting,Positive,1
981,187,5,in my opinion highly recommended for futsal lovers we played in the evening,Positive,1
982,188,3,overall the ground condition was perfect for playing during peak hours,Positive,1
983,71,1,well overpriced for such poor quality during our regular game,Negative,0
984,481,3,from my experience booking system was confusing during our regular game,Negative,0
985,165,3,actually the lighting was perfect for night games and well distributed during our match time,Positive,1
986,191,1,to be honest the environment was not welcoming at all during our regular game,Negative,0
987,364,4,based on my visit highly recommended for futsal lovers during our regular game,Positive,1
988,485,5,as a regular player spacious court and proper lighting setup at night session,Positive,1
989,42,3,overall the price was reasonable for the quality of the facilities and the overall experience provided making it a great value for money during our match time,Positive,1
990,357,1,personally overpriced for such poor quality but booking system was fast and easy at night session,Negative,0
991,267,1,staff good but turf bad,Negative,0
992,478,3,honestly had a very bad time playing here at night session,Negative,0
993,228,4,loved it,Positive,1
994,428,1,honestly very poor management system but the environment was welcoming and created a great atmosphere for playing futsal making it a favorite spot for many players at night session,Negative,0
995,331,3,well had a very bad time playing here on a rainy day,Negative,0
996,228,5,based on my visit excellent facilities and great atmosphere while testing the lighting,Positive,1
997,405,3,from what i saw the price was reasonable for the quality of the facilities and the overall experience provided making it a great value for money while playing with friends,Positive,1
998,76,1,based on my visit poor lighting and ventilation on a rainy day,Negative,0
999,275,5,based on my visit worth the money and time while playing with friends,Positive,1
1000,163,3,personally one of the best futsal courts in the area while playing with friends,Positive,1
1001,18,3,based on my visit the ground was slippery and dangerous but very comfortable and enjoyable experience at night session,Negative,0
1002,274,3,in my opinion the ground condition was perfect for playing while playing with friends,Positive,1
1003,476,2,honestly had to wait for a long time to get the court ready during peak hours,Negative,0
1004,152,5,honestly highly recommended for futsal lovers during our regular game,Positive,1
1005,353,4,to be honest excellent facilities and great atmosphere but very unprofessional management and staff while testing the lighting,Positive,1
1007,229,1,overall very bad experience overall at night session,Negative,0
1008,401,1,in my opinion very poor management system we played in the evening,Negative,0
1009,344,5,to be honest great futsal court with excellent facilities but very unprofessional management and staff during our match time,Positive,1
1010,310,5,as a regular player really enjoyed playing here with friends during peak hours,Positive,1
1011,198,4,honestly very professional staff and management but the environment was not welcoming at all on a rainy day,Positive,1
1012,448,4,to be honest the ground condition was perfect for playing on a rainy day,Positive,1
1013,84,2,from my experience had a very bad time playing here while trying out the new turf,Negative,0
1014,45,3,frankly speaking too crowded and not managed properly during peak hours,Negative,0
1015,445,2,meh experience,Negative,0
1016,469,3,in my opinion staff was not responsive to issues but affordable price with great quality during weekend booking,Negative,0
1017,103,1,personally the price was too high for the quality offered during our regular game,Negative,0
1019,238,5,to be honest everything was well organized and managed while testing the lighting,Positive,1
1020,428,3,ground condition was not good we played in the evening,Negative,0
1021,331,3,overall had a very bad time playing here but the court was spacious and well maintained providing ample room for players to enjoy their game without feeling cramped or overcrowded at night session,Negative,0
1022,307,3,overall had a great time playing here at night session,Positive,1
1023,322,4,from what i saw good maintenance and clean surroundings while trying out the new turf,Positive,1
1024,9,3,actually the ground was slippery and dangerous during weekend booking,Negative,0
1025,70,3,personally lighting was not good but spacious court and proper lighting setup while testing the lighting,Negative,0
1026,25,4,honestly the ground condition was perfect for playing at night session,Positive,1
1027,307,3,as a regular player highly recommended for futsal lovers but waste of money and time during weekend booking,Positive,1
1028,410,5,as a regular player the environment was welcoming and created a great atmosphere for playing futsal making it a favorite spot for many players on a rainy day,Positive,1
1029,422,4,well amazing experience will come again on a rainy day,Positive,1
1030,145,5,staff good but turf bad,Positive,1
1031,53,3,based on my visit nice environment and good vibes overall during peak hours,Positive,1
1032,315,3,as a regular player very poor management system during our match time,Negative,0
1033,214,3,as a regular player the staff was very helpful and friendly during our regular game,Positive,1
1034,179,4,overall the overall management of the facility was top notch ensuring a smooth and enjoyable experience for all players but very bad experience overall during weekend booking,Positive,1
1035,268,3,in my opinion very unprofessional management and staff while playing with friends,Negative,0
1036,418,5,in my opinion the staff was very helpful and friendly while playing with friends,Positive,1
1037,73,5,staff good but turf bad,Positive,1
1038,354,4,to be honest really enjoyed playing here with friends but the turf was damaged and unsafe while playing with friends,Positive,1
1039,22,4,overall great futsal court with excellent facilities during weekend booking,Positive,1
1040,263,3,ok futsal not bad,Negative,0
1041,6,3,based on my visit too much delay in booking confirmation but everything was well organized and managed during weekend booking,Negative,0
1042,95,1,not worth the price during weekend booking,Negative,0
1043,486,2,honestly ground condition was not good during weekend booking,Negative,0
1044,124,3,in my opinion the turf was uneven and caused injuries while playing with friends,Negative,0
1045,271,3,overall the overall management of the facility was top notch ensuring a smooth and enjoyable experience for all players during weekend booking,Positive,1
1046,3,5,from my experience one of the best futsal courts in the area at night session,Positive,1
1047,188,2,overall the turf was uneven and caused injuries during our match time,Negative,0
1048,218,2,personally very disappointing experience but the ground condition was perfect for playing while trying out the new turf,Negative,0
1049,64,4,from my experience amazing experience will come again during peak hours,Positive,1
1050,148,3,as a regular player had to wait for a long time to get the court ready while playing with friends,Negative,0
1051,146,4,honestly nice environment and good vibes overall during weekend booking,Positive,1
1052,116,4,actually excellent facilities and great atmosphere at night session,Positive,1
1053,481,4,to be honest really enjoyed playing here with friends during peak hours,Positive,1
1054,225,2,personally had to wait for a long time to get the court ready we played in the evening,Negative,0
1055,303,5,well amazing experience will come again but facilities were outdated and not maintained during weekend booking,Positive,1
1056,174,1,actually overpriced for such poor quality while playing with friends,Negative,0
1057,256,5,frankly speaking the surface quality was very good during weekend booking,Positive,1
1058,483,5,actually good maintenance and clean surroundings while testing the lighting,Positive,1
1059,262,4,based on my visit while testing the lighting,Positive,1
1060,119,2,very disappointing experience but had a great time playing here while trying out the new turf,Negative,0
1061,256,1,personally very disappointing experience we played in the evening,Negative,0
1062,156,3,personally worth the money and time during peak hours,Positive,1
1063,406,4,overall excellent facilities and great atmosphere during weekend booking,Positive,1
1064,176,3,to be honest had to wait for a long time to get the court ready while trying out the new turf,Negative,0
1065,221,1,as a regular player very bad experience overall during our regular game,Negative,0
1066,227,4,overall spacious court and proper lighting setup during peak hours,Positive,1
1067,453,4,honestly very comfortable and enjoyable experience while playing with friends,Positive,1
1068,250,2,based on my visit too crowded and not managed properly during peak hours,Negative,0
1069,288,2,from what i saw the staff was not helpful when we had issues while trying out the new turf,Negative,0
1070,498,3,as a regular player facilities were outdated and not maintained we played in the evening,Negative,0
1071,303,1,well poor lighting and ventilation on a rainy day,Negative,0
1072,415,2,loved it,Negative,0
1073,211,4,honestly very professional staff and management but not satisfied with the overall experience on a rainy day,Positive,1
1074,304,2,well the court was not ready on time during our match time,Negative,0
1075,59,4,nice but little expensive,Positive,1
1076,291,2,honestly terrible experience will never come back but excellent facilities and great atmosphere during our regular game,Negative,0
1077,12,5,frankly speaking great futsal court with excellent facilities at night session,Positive,1
1078,414,3,frankly speaking very professional staff and management while testing the lighting,Positive,1
1079,174,3,actually the worst futsal court i ve ever been to during our match time,Negative,0
1080,497,4,meh experience,Positive,1
1081,25,2,based on my visit the staff was not helpful when we had issues during weekend booking,Negative,0
1082,368,1,from what i saw bad experience with staff behavior during peak hours,Negative,0
1083,411,3,overall the worst futsal court i ve ever been to while testing the lighting,Negative,0
1084,422,3,frankly speaking not satisfied with the overall experience during our match time,Negative,0
1085,103,2,the environment was not welcoming at all at night session,Negative,0
1086,93,5,to be honest highly recommended for futsal lovers while testing the lighting,Positive,1
1087,339,3,well the environment was welcoming and created a great atmosphere for playing futsal making it a favorite spot for many players but had to wait for a long time to get the court ready during our regular game,Positive,1
1088,415,5,actually booking system was fast and easy while trying out the new turf,Positive,1
1089,237,2,lighting was not good during peak hours,Negative,0
1090,351,3,staff good but turf bad,Negative,0
1091,325,1,frankly speaking terrible experience will never come back during peak hours,Negative,0
1092,352,2,frankly speaking poor lighting and ventilation at night session,Negative,0
1093,409,3,frankly speaking amazing experience will come again but very bad experience overall during our match time,Positive,1
1094,104,1,based on my visit the environment was not welcoming at all while trying out the new turf,Negative,0
1095,133,3,staff good but turf bad,Positive,1
1096,494,3,to be honest one of the best futsal courts in the area during our regular game,Positive,1
1097,161,3,loved the turf and lighting setup we played in the evening,Positive,1
1098,454,5,overall the price was reasonable for the quality of the facilities and the overall experience provided making it a great value for money during peak hours,Positive,1
1099,58,3,staff good but turf bad,Positive,1
1100,487,3,as a regular player the lighting was dim and insufficient during weekend booking,Negative,0
1101,308,1,as a regular player had to wait for a long time to get the court ready at night session,Negative,0
1102,427,4,could be better,Positive,1
1103,90,1,frankly speaking the environment was not welcoming at all during our match time,Negative,0
1104,29,3,to be honest had a very bad time playing here while trying out the new turf,Negative,0
1105,350,2,in my opinion terrible experience will never come back during weekend booking,Negative,0
1106,421,2,to be honest the ground was slippery and dangerous while playing with friends,Negative,0
1107,410,5,well loved the turf and lighting setup while testing the lighting,Positive,1
1108,328,2,actually too much delay in booking confirmation during our match time,Negative,0
1109,199,4,in my opinion very comfortable and enjoyable experience during weekend booking,Positive,1
1111,108,4,not satisfied,Positive,1
1112,209,5,personally the best place to play futsal in town while trying out the new turf,Positive,1
1113,475,2,to be honest had to wait for a long time to get the court ready during weekend booking,Negative,0
1114,134,3,actually very disappointing experience during peak hours,Negative,0
1115,391,1,in my opinion terrible experience will never come back during peak hours,Negative,0
1117,157,3,well court was dirty and poorly maintained while playing with friends,Negative,0
1118,497,5,overall one of the best futsal courts in the area during weekend booking,Positive,1
1119,406,4,well the environment was welcoming and created a great atmosphere for playing futsal making it a favorite spot for many players while playing with friends,Positive,1
1120,89,4,based on my visit the environment was welcoming and created a great atmosphere for playing futsal making it a favorite spot for many players while trying out the new turf,Positive,1
1121,202,1,in my opinion very poor management system but the ground condition was perfect for playing at night session,Negative,0
1122,332,3,from what i saw very bad experience overall during our match time,Negative,0
1123,26,1,from my experience the price was too high for the quality offered but the staff was very helpful and friendly during weekend booking,Negative,0
1124,485,3,frankly speaking booking system was fast and easy but the ground was slippery and dangerous while testing the lighting,Positive,1
1125,424,4,honestly affordable price with great quality during our regular game,Positive,1
1126,148,2,overall not worth the price but the environment was welcoming and created a great atmosphere for playing futsal making it a favorite spot for many players during our match time,Negative,0
1127,111,5,frankly speaking affordable price with great quality while playing with friends,Positive,1
1128,149,3,to be honest affordable price with great quality but ground condition was not good during our match time,Positive,1
1129,299,2,from my experience very unprofessional management and staff while testing the lighting,Negative,0
1130,499,2,based on my visit court was dirty and poorly maintained during weekend booking,Negative,0
1131,377,4,well the staff was very helpful and friendly during our match time,Positive,1
1132,242,1,overall lighting was not good but the court was spacious and well maintained providing ample room for players to enjoy their game without feeling cramped or overcrowded during weekend booking,Negative,0
1133,196,3,from what i saw staff was rude and unhelpful but highly recommended for futsal lovers while testing the lighting,Negative,0
1134,22,5,frankly speaking friendly staff and smooth booking process on a rainy day,Positive,1
1135,450,4,to be honest highly recommended for futsal lovers while playing with friends,Positive,1
1136,134,3,overall the staff was very helpful and friendly on a rainy day,Positive,1
1137,256,3,ok futsal not bad,Positive,1
1138,314,2,to be honest the environment was not welcoming at all on a rainy day,Negative,0
1139,162,1,to be honest terrible experience will never come back during our regular game,Negative,0
1140,326,5,based on my visit very comfortable and enjoyable experience while playing with friends,Positive,1
1141,241,1,honestly ground condition was not good but one of the best futsal courts in the area during our match time,Negative,0
1142,21,2,actually the environment was not welcoming at all but the price was reasonable for the quality of the facilities and the overall experience provided making it a great value for money while trying out the new turf,Negative,0
1143,434,1,actually had to wait for a long time to get the court ready during our regular game,Negative,0
1144,93,2,personally not satisfied with the overall experience but the environment was welcoming and created a great atmosphere for playing futsal making it a favorite spot for many players during weekend booking,Negative,0
1145,300,5,actually the overall management of the facility was top notch ensuring a smooth and enjoyable experience for all players during our regular game,Positive,1
1146,127,1,honestly waste of money and time during our regular game,Negative,0
1147,349,4,well the price was reasonable for the quality of the facilities and the overall experience provided making it a great value for money during weekend booking,Positive,1
1148,429,3,overall the ground condition was perfect for playing during peak hours,Positive,1
1149,246,5,honestly spacious court and proper lighting setup during weekend booking,Positive,1
1150,319,5,to be honest excellent facilities and great atmosphere but staff was rude and unhelpful while testing the lighting,Positive,1
1151,411,3,in my opinion friendly staff and smooth booking process while testing the lighting,Positive,1
1152,205,3,in my opinion the turf was in excellent condition and very safe but staff was not responsive to issues we played in the evening,Positive,1
1153,199,1,from my experience the turf was damaged and unsafe but really enjoyed playing here with friends during peak hours,Negative,0
1154,377,2,to be honest booking system was confusing while playing with friends,Negative,0
1155,427,1,to be honest too crowded and not managed properly while testing the lighting,Negative,0
1156,138,4,from my experience spacious court and proper lighting setup while trying out the new turf,Positive,1
1157,96,3,frankly speaking the environment was not welcoming at all during weekend booking,Negative,0
1158,347,4,frankly speaking loved the turf and lighting setup during weekend booking,Positive,1
1159,269,3,well had to wait for a long time to get the court ready while playing with friends,Negative,0
1160,41,2,never again,Negative,0
1161,463,5,based on my visit friendly staff and smooth booking process at night session,Positive,1
1162,283,3,from my experience affordable price with great quality during our regular game,Positive,1
1163,56,3,ok futsal not bad,Negative,0
1164,417,3,frankly speaking the price was too high for the quality offered during weekend booking,Negative,0
1165,59,3,to be honest very clean and well maintained ground while testing the lighting,Positive,1
1166,43,1,based on my visit waste of money and time while playing with friends,Negative,0
1167,388,4,actually nice environment and good vibes overall at night session,Positive,1
1168,109,1,from what i saw the worst futsal court i ve ever been to at night session,Negative,0
1169,447,2,not good,Negative,0
1170,88,3,frankly speaking great futsal court with excellent facilities but booking system was confusing during our regular game,Positive,1
1171,309,5,based on my visit the environment was welcoming and created a great atmosphere for playing futsal making it a favorite spot for many players during peak hours,Positive,1
1172,346,3,to be honest the ground was slippery and dangerous while testing the lighting,Negative,0
1173,418,1,to be honest too crowded and not managed properly but really enjoyed playing here with friends during weekend booking,Negative,0
1174,108,1,too costly yrr,Negative,0
1175,98,5,personally affordable price with great quality during our match time,Positive,1
1176,243,3,never again,Positive,1
1177,242,4,overall the price was reasonable for the quality of the facilities and the overall experience provided making it a great value for money but very unprofessional management and staff while playing with friends,Positive,1
1178,125,3,never again,Negative,0
1179,323,3,from what i saw loved the turf and lighting setup during peak hours,Positive,1
1180,375,3,frankly speaking had to wait for a long time to get the court ready during peak hours,Negative,0
1181,303,3,to be honest had to wait for a long time to get the court ready we played in the evening,Negative,0
1182,10,5,well the surface quality was very good while trying out the new turf,Positive,1
1183,214,3,in my opinion overpriced for such poor quality during our regular game,Negative,0
1184,230,4,overall worth the money and time while trying out the new turf,Positive,1
1185,177,2,honestly poor lighting and ventilation while playing with friends,Negative,0
1186,472,4,as a regular player good maintenance and clean surroundings during our match time,Positive,1
1187,365,5,actually friendly staff and smooth booking process while trying out the new turf,Positive,1
1188,319,3,frankly speaking the booking process was seamless and efficient making it easy to reserve a court on a rainy day,Positive,1
1189,103,3,actually excellent facilities and great atmosphere during weekend booking,Positive,1
1191,10,1,based on my visit the court was not ready on time at night session,Negative,0
1192,414,3,to be honest excellent facilities and great atmosphere but the turf was uneven and caused injuries on a rainy day,Positive,1
1193,317,1,will come again,Negative,0
1194,402,4,as a regular player had a great time playing here during our match time,Positive,1
1195,448,5,honestly booking system was fast and easy during our regular game,Positive,1
1196,493,4,well the staff was very helpful and friendly but very unprofessional management and staff during weekend booking,Positive,1
1197,422,3,overall the booking process was seamless and efficient making it easy to reserve a court during weekend booking,Positive,1
1198,467,3,as a regular player one of the best futsal courts in the area during weekend booking,Positive,1
1199,256,5,actually the staff was very helpful and friendly at night session,Positive,1
1200,63,3,overall the best place to play futsal in town while playing with friends,Positive,1
