id,user_id,rating,review,sentiment_label
1,461,3,Well Spacious court and proper lighting setup at night session,Positive
2,301,2,To be honest Facilities were not clean at all but  during our regular game,Negative
3,197,3,Frankly speaking Spacious court and proper lighting setup at night session,Positive
4,152,5,Overall Very professional staff and management during our match time,Positive
5,443,3,To be honest Facilities were outdated and not maintained we played in the evening,Negative
6,427,4,"Actually The court was spacious and well-maintained, providing ample room for players to enjoy their game without feeling cramped or overcrowded we played in the evening",Positive
7,318,1,To be honest Not satisfied with the overall experience during our match time,Negative
8,404,4, The best place to play futsal in town but staff was rude and unhelpful while playing with friends,Positive
9,383,4,From what I saw The turf was in excellent condition and very safe but poor lighting and ventilation on a rainy day,Positive
10,272,4,"From my experience The booking process was seamless and efficient, making it easy to reserve a court while playing with friends",Positive
11,496,2,To be honest Too much delay in booking confirmation while playing with friends,Negative
12,387,3,"Actually The booking process was seamless and efficient, making it easy to reserve a court but overpriced for such poor quality on a rainy day",Positive
13,188,5,Well during peak hours,Positive
14,136,1,horrible,Negative
15,482,3,Based on my visit Too much delay in booking confirmation on a rainy day,Negative
16,168,3,"Well The court was overcrowded and chaotic but the price was reasonable for the quality of the facilities and the overall experience provided, making it a great value for money during our match time",Negative
17,155,5,From my experience The best place to play futsal in town during weekend booking,Positive
18,253,4,Overall Loved the turf and lighting setup while playing with friends,Positive
19,70,3,not satisfied,Negative
20,80,5,In my opinion Affordable price with great quality during our regular game,Positive
21,17,2,Well Had to wait for a long time to get the court ready during weekend booking,Negative
22,51,4,From my experience Spacious court and proper lighting setup while trying out the new turf,Positive
23,496,1,In my opinion Not satisfied with the overall experience but booking system was fast and easy during our regular game,Negative
24,340,3,never again,Positive
25,65,3,Well Great futsal court with excellent facilities but the worst futsal court i've ever been to while testing the lighting,Positive
26,169,1,From my experience Not worth the price during weekend booking,Negative
27,67,1,Court was dirty and poorly maintained while testing the lighting,Negative
28,68,1,Booking system was confusing while playing with friends,Negative
29,166,3,not satisfied,Negative
30,65,3,worth it,Positive
31,263,2,As a regular player Overpriced for such poor quality during weekend booking,Negative
32,373,3,Based on my visit The surface quality was very good during our regular game,Positive
33,32,3,Well Everything was well organized and managed during our regular game,Positive
34,38,2,Frankly speaking Very disappointing experience during peak hours,Negative
35,325,5,In my opinion Friendly staff and smooth booking process but unhygienic changing rooms while testing the lighting,Positive
36,151,3,Actually Staff was not responsive to issues on a rainy day,Negative
37,437,1,From what I saw Very disappointing experience during peak hours,Negative
38,232,4,The turf was in excellent condition and very safe during our regular game,Positive
39,374,4,"Frankly speaking The overall management of the facility was top-notch, ensuring a smooth and enjoyable experience for all players on a rainy day",Positive
40,341,2,will come again,Negative
41,222,1,Personally Overpriced for such poor quality but very clean and well maintained ground while trying out the new turf,Negative
42,285,1,loved it,Negative
43,169,3,ok,Negative
44,27,3,Frankly speaking The environment was not welcoming at all on a rainy day,Negative
45,80,3,From what I saw The ground condition was perfect for playing but the turf was uneven and caused injuries at night session,Positive
46,59,2,From my experience Not satisfied with the overall experience during weekend booking,Negative
47,315,3,From what I saw The environment was not welcoming at all during our match time,Negative
48,391,3,As a regular player Unhygienic changing rooms but booking system was fast and easy we played in the evening,Negative
49,337,5,In my opinion Great futsal court with excellent facilities but ground condition was not good on a rainy day,Positive
50,193,1,Personally The turf was damaged and unsafe we played in the evening,Negative
51,398,2,In my opinion The ground was slippery and dangerous while playing with friends,Negative
52,26,3,From what I saw Lighting was not good but the lighting was perfect for night games and well-distributed during weekend booking,Negative
53,213,2,To be honest The environment was not welcoming at all while trying out the new turf,Negative
54,146,3,"Amazing experience, will come again during our regular game",Positive
55,113,3,From what I saw Highly recommended for futsal lovers while trying out the new turf,Positive
56,393,3,From what I saw Great futsal court with excellent facilities we played in the evening,Positive
57,168,2,worth it,Negative
58,221,5,good,Positive
59,361,5,horrible,Positive
60,22,3,As a regular player Overpriced for such poor quality on a rainy day,Negative
61,208,3,"Based on my visit Terrible experience, will never come back during weekend booking",Negative
62,88,2,Frankly speaking Booking system was confusing at night session,Negative
63,125,1,"From what I saw The ground was slippery and dangerous but the environment was welcoming and created a great atmosphere for playing futsal, making it a favorite spot for many players while trying out the new turf",Negative
64,382,4,Frankly speaking Very clean and well maintained ground during our regular game,Positive
65,272,1,In my opinion Overpriced for such poor quality while playing with friends,Negative
66,418,5,The ground condition was perfect for playing on a rainy day,Positive
67,132,1,bad lighting but ground ok,Negative
68,390,3,not good,Positive
69,238,4,Overall while playing with friends,Positive
70,330,5,Spacious court and proper lighting setup while testing the lighting,Positive
71,227,2,"From what I saw Terrible experience, will never come back but very clean and well maintained ground on a rainy day",Negative
72,159,1,Lighting was not good at night session,Negative
73,331,3,Honestly The ground condition was perfect for playing we played in the evening,Positive
74,298,4,Overall Worth the money and time while testing the lighting,Positive
75,334,3,Very unprofessional management and staff we played in the evening,Negative
76,257,4,not good,Positive
77,53,4,ok futsal not bad,Positive
78,127,1,In my opinion The turf was uneven and caused injuries during weekend booking,Negative
79,191,2,Based on my visit The lighting was dim and insufficient during our regular game,Negative
80,405,1,Frankly speaking The worst futsal court I've ever been to during peak hours,Negative
81,130,4,In my opinion Nice environment and good vibes overall but staff was not responsive to issues during weekend booking,Positive
82,340,5,"Well The environment was welcoming and created a great atmosphere for playing futsal, making it a favorite spot for many players but the turf was damaged and unsafe while testing the lighting",Positive
83,496,4,loved it,Positive
84,159,3,Well Friendly staff and smooth booking process during peak hours,Positive
85,351,3,Well Too crowded and not managed properly on a rainy day,Negative
86,159,4,Overall Highly recommended for futsal lovers during peak hours,Positive
87,486,2,too costly yrr,Negative
88,260,1,From my experience Too crowded and not managed properly but everything was well organized and managed during our match time,Negative
89,68,3,Actually Staff was rude and unhelpful during our regular game,Negative
90,415,3,Personally Waste of money and time while playing with friends,Negative
91,369,5,Actually Loved the turf and lighting setup while trying out the new turf,Positive
92,120,4,Based on my visit Everything was well organized and managed while testing the lighting,Positive
93,226,3,To be honest Very poor management system while trying out the new turf,Negative
94,419,1,To be honest The turf was uneven and caused injuries during peak hours,Negative
95,447,3,not good,Positive
96,365,3,"Well The environment was welcoming and created a great atmosphere for playing futsal, making it a favorite spot for many players while trying out the new turf",Positive
97,231,2,Overall The turf was damaged and unsafe at night session,Negative
98,419,1,Personally The turf was damaged and unsafe during peak hours,Negative
99,121,2,In my opinion Had a very bad time playing here but highly recommended for futsal lovers we played in the evening,Negative
100,430,1,"Overall Bad experience with staff behavior but the court was spacious and well-maintained, providing ample room for players to enjoy their game without feeling cramped or overcrowded on a rainy day",Negative
101,357,2,"In my opinion Too crowded and not managed properly but the court was spacious and well-maintained, providing ample room for players to enjoy their game without feeling cramped or overcrowded while playing with friends",Negative
102,10,3,Spacious court and proper lighting setup while trying out the new turf,Positive
103,217,5,Personally during our regular game,Positive
104,155,3,meh experience,Positive
105,328,2,not satisfied,Negative
106,306,4,"Based on my visit Amazing experience, will come again during weekend booking",Positive
107,220,2,Well The court was not ready on time during our regular game,Negative
108,293,1,loved it,Negative
109,489,3,Well Highly recommended for futsal lovers during weekend booking,Positive
110,326,3,As a regular player Very comfortable and enjoyable experience but the court was overcrowded and chaotic during our regular game,Positive
111,177,1,In my opinion Very bad experience overall at night session,Negative
112,174,3,Well The worst futsal court I've ever been to but the ground condition was perfect for playing during weekend booking,Negative
113,33,1,Personally The court was overcrowded and chaotic while trying out the new turf,Negative
114,454,1,Based on my visit Poor lighting and ventilation we played in the evening,Negative
115,204,3,meh experience,Negative
116,183,4,As a regular player Booking system was fast and easy but very poor management system while trying out the new turf,Positive
117,456,4,Honestly Booking system was fast and easy but the ground was slippery and dangerous on a rainy day,Positive
118,355,4,Based on my visit Nice environment and good vibes overall during peak hours,Positive
119,218,3,Unhygienic changing rooms during our regular game,Negative
120,280,1,not good,Negative
121,229,4,Overall Nice environment and good vibes overall during weekend booking,Positive
122,22,4,Frankly speaking The staff was very helpful and friendly while playing with friends,Positive
123,39,1,In my opinion The environment was not welcoming at all while testing the lighting,Negative
124,82,5,Frankly speaking Highly recommended for futsal lovers on a rainy day,Positive
125,399,1,Personally Very unprofessional management and staff but very clean and well maintained ground while testing the lighting,Negative
126,231,3,In my opinion Staff was rude and unhelpful during peak hours,Negative
127,188,5,In my opinion The lighting was perfect for night games and well-distributed but too crowded and not managed properly while trying out the new turf,Positive
128,377,1,Well The court was not ready on time at night session,Negative
129,468,2,bad,Negative
130,147,5,To be honest The staff was very helpful and friendly at night session,Positive
131,89,4,"Based on my visit Amazing experience, will come again but overpriced for such poor quality during our match time",Positive
132,34,3,"Based on my visit Terrible experience, will never come back during weekend booking",Negative
133,327,3,To be honest Facilities were not clean at all at night session,Negative
134,115,3,loved it,Negative
135,122,3,too costly yrr,Positive
136,67,3,Honestly The ground was slippery and dangerous on a rainy day,Negative
137,369,5,Overall Everything was well organized and managed during weekend booking,Positive
138,498,3,"Frankly speaking The overall management of the facility was top-notch, ensuring a smooth and enjoyable experience for all players during peak hours",Positive
139,66,4,Overall Spacious court and proper lighting setup while trying out the new turf,Positive
140,222,3,The best place to play futsal in town during our regular game,Positive
141,166,1,Honestly The lighting was dim and insufficient but one of the best futsal courts in the area during weekend booking,Negative
142,434,4,From my experience on a rainy day,Positive
143,490,3,too costly yrr,Negative
144,304,1,Personally The staff was not helpful when we had issues but the best place to play futsal in town at night session,Negative
145,22,3,Personally The worst futsal court I've ever been to while playing with friends,Negative
146,136,3,Honestly Staff was rude and unhelpful during weekend booking,Negative
147,255,1,Had a very bad time playing here while testing the lighting,Negative
148,126,4,As a regular player The best place to play futsal in town at night session,Positive
149,31,5,Well Everything was well organized and managed during peak hours,Positive
150,238,2,will come again,Negative
151,376,4,From what I saw Nice environment and good vibes overall while playing with friends,Positive
152,288,3,In my opinion Too crowded and not managed properly during peak hours,Negative
153,63,2,not satisfied,Negative
154,215,5,"From my experience Amazing experience, will come again but staff was not responsive to issues while playing with friends",Positive
155,264,2,"Personally Terrible experience, will never come back but one of the best futsal courts in the area on a rainy day",Negative
156,235,5,To be honest Great futsal court with excellent facilities but facilities were outdated and not maintained while trying out the new turf,Positive
157,306,4,From my experience The ground condition was perfect for playing but poor lighting and ventilation while testing the lighting,Positive
158,221,3,Well Everything was well organized and managed while trying out the new turf,Positive
159,188,3,worth it,Negative
160,284,4,In my opinion Very professional staff and management but very poor management system we played in the evening,Positive
161,423,2,Frankly speaking Very unprofessional management and staff during our regular game,Negative
162,192,4,"Well Amazing experience, will come again but very disappointing experience while testing the lighting",Positive
163,102,3,In my opinion during our regular game,Positive
164,171,5,Frankly speaking Loved the turf and lighting setup but too crowded and not managed properly during our regular game,Positive
165,72,3,As a regular player Ground condition was not good while trying out the new turf,Negative
166,379,3,From what I saw Facilities were not clean at all on a rainy day,Negative
167,251,3,From what I saw The turf was uneven and caused injuries on a rainy day,Negative
168,57,5,"To be honest The overall management of the facility was top-notch, ensuring a smooth and enjoyable experience for all players but the worst futsal court i've ever been to while trying out the new turf",Positive
169,496,2,From what I saw Very bad experience overall at night session,Negative
170,299,3,Good maintenance and clean surroundings while testing the lighting,Positive
171,421,3,As a regular player The lighting was perfect for night games and well-distributed while testing the lighting,Positive
172,215,2,Honestly Booking system was confusing but spacious court and proper lighting setup while testing the lighting,Negative
173,257,2,too costly yrr,Negative
174,167,3,Based on my visit Too crowded and not managed properly we played in the evening,Negative
175,236,1,Based on my visit Staff was not responsive to issues during our regular game,Negative
176,349,5,In my opinion The ground condition was perfect for playing during our regular game,Positive
177,143,3,Actually Worth the money and time at night session,Positive
178,361,3,From my experience Poor lighting and ventilation at night session,Negative
179,141,5,Based on my visit Very comfortable and enjoyable experience on a rainy day,Positive
180,420,2,From what I saw Staff was not responsive to issues during our regular game,Negative
181,474,4, Everything was well organized and managed but the turf was damaged and unsafe while playing with friends,Positive
182,139,3,To be honest Not worth the price while trying out the new turf,Negative
183,26,3,Actually Friendly staff and smooth booking process but the court was not ready on time at night session,Positive
184,368,2,As a regular player Bad experience with staff behavior but affordable price with great quality during our match time,Negative
185,209,1,Well Court was dirty and poorly maintained while playing with friends,Negative
186,147,4,Based on my visit The best place to play futsal in town but poor lighting and ventilation while trying out the new turf,Positive
187,436,3,Bad experience with staff behavior during weekend booking,Negative
188,429,1,Personally Waste of money and time during peak hours,Negative
189,449,4,"Based on my visit The court was spacious and well-maintained, providing ample room for players to enjoy their game without feeling cramped or overcrowded while playing with friends",Positive
190,309,3,meh experience,Negative
191,233,4,could be better,Positive
192,436,3,As a regular player Had a great time playing here during our regular game,Positive
193,235,5,"To be honest The booking process was seamless and efficient, making it easy to reserve a court but facilities were not clean at all during our match time",Positive
194,291,4,Actually Great futsal court with excellent facilities while playing with friends,Positive
195,424,4,From my experience Worth the money and time while playing with friends,Positive
196,72,1,In my opinion Facilities were outdated and not maintained during weekend booking,Negative
197,386,2,From my experience Too much delay in booking confirmation we played in the evening,Negative
198,355,2,In my opinion Court was dirty and poorly maintained at night session,Negative
199,352,4,Well Spacious court and proper lighting setup during weekend booking,Positive
200,315,4,Actually The staff was very helpful and friendly but poor lighting and ventilation at night session,Positive
201,192,3,Personally Ground condition was not good while trying out the new turf,Negative
202,391,1,As a regular player The staff was not helpful when we had issues while trying out the new turf,Negative
203,229,5,"The environment was welcoming and created a great atmosphere for playing futsal, making it a favorite spot for many players while testing the lighting",Positive
204,104,3,In my opinion Booking system was confusing but very comfortable and enjoyable experience during weekend booking,Negative
205,60,2,"Personally Terrible experience, will never come back while playing with friends",Negative
206,415,2,Actually Had to wait for a long time to get the court ready but highly recommended for futsal lovers while testing the lighting,Negative
207,213,5,staff good but turf bad,Positive
208,371,2,Honestly The price was too high for the quality offered during our regular game,Negative
209,382,1,worth it,Negative
210,278,1,Overall The environment was not welcoming at all we played in the evening,Negative
211,394,3,Overall Loved the turf and lighting setup while trying out the new turf,Positive
212,331,5,worst,Positive
213,193,2,In my opinion Very unprofessional management and staff during peak hours,Negative
214,69,5,nice,Positive
215,271,2,In my opinion Waste of money and time during weekend booking,Negative
216,388,1,not satisfied,Negative
217,345,4,meh experience,Positive
218,236,3,Frankly speaking Very professional staff and management during our regular game,Positive
219,17,3,"To be honest The court was spacious and well-maintained, providing ample room for players to enjoy their game without feeling cramped or overcrowded during our match time",Positive
220,52,1,Frankly speaking Very bad experience overall while testing the lighting,Negative
221,206,1,Based on my visit Lighting was not good while testing the lighting,Negative
222,72,3,As a regular player The lighting was perfect for night games and well-distributed during our match time,Positive
223,164,5,"To be honest The overall management of the facility was top-notch, ensuring a smooth and enjoyable experience for all players during our match time",Positive
224,339,1,The court was not ready on time on a rainy day,Negative
225,348,5,Frankly speaking Booking system was fast and easy but waste of money and time at night session,Positive
226,196,3,Based on my visit Not satisfied with the overall experience we played in the evening,Negative
227,387,1,In my opinion Had a very bad time playing here but very professional staff and management during peak hours,Negative
228,413,3,From my experience Everything was well organized and managed during our match time,Positive
229,272,5,Honestly Affordable price with great quality during our regular game,Positive
230,105,2,not satisfied,Negative
231,371,5,"Overall The environment was welcoming and created a great atmosphere for playing futsal, making it a favorite spot for many players while trying out the new turf",Positive
232,21,5,Honestly Very professional staff and management at night session,Positive
233,246,3,From my experience The turf was in excellent condition and very safe while testing the lighting,Positive
234,480,3,In my opinion at night session,Positive
235,387,3,bad lighting but ground ok,Negative
236,283,3,From my experience The staff was very helpful and friendly while testing the lighting,Positive
237,158,4,To be honest Spacious court and proper lighting setup during peak hours,Positive
238,390,2,As a regular player The price was too high for the quality offered but the turf was in excellent condition and very safe while trying out the new turf,Negative
239,443,5,From my experience Nice environment and good vibes overall on a rainy day,Positive
240,297,3,Personally Too much delay in booking confirmation we played in the evening,Negative
241,292,2,To be honest Very poor management system while playing with friends,Negative
242,132,4,Based on my visit The best place to play futsal in town during our regular game,Positive
243,72,3,Based on my visit Spacious court and proper lighting setup but not satisfied with the overall experience while trying out the new turf,Positive
244,269,1,Based on my visit The staff was not helpful when we had issues while playing with friends,Negative
245,25,3,nice but little expensive,Negative
246,112,1,Frankly speaking Bad experience with staff behavior but friendly staff and smooth booking process while playing with friends,Negative
247,4,1,In my opinion The court was overcrowded and chaotic we played in the evening,Negative
248,275,4,Frankly speaking Great futsal court with excellent facilities we played in the evening,Positive
249,55,1,Honestly The environment was not welcoming at all during our regular game,Negative
250,418,4,As a regular player The surface quality was very good but the lighting was dim and insufficient while playing with friends,Positive
251,236,2,The turf was damaged and unsafe during peak hours,Negative
252,335,1,Actually Would not recommend this place during our match time,Negative
253,283,4,Well Very clean and well maintained ground we played in the evening,Positive
254,331,4,Well The staff was very helpful and friendly but had to wait for a long time to get the court ready we played in the evening,Positive
255,109,1,From what I saw The lighting was dim and insufficient during weekend booking,Negative
256,351,1,Actually The court was overcrowded and chaotic while testing the lighting,Negative
257,493,3,"As a regular player Excellent facilities and great atmosphere but terrible experience, will never come back while testing the lighting",Positive
258,124,5,"Personally The court was spacious and well-maintained, providing ample room for players to enjoy their game without feeling cramped or overcrowded but facilities were not clean at all during peak hours",Positive
259,72,3,Frankly speaking The worst futsal court I've ever been to during our regular game,Negative
260,28,2,Actually The turf was uneven and caused injuries during weekend booking,Negative
261,175,1,not satisfied,Negative
262,16,4,From what I saw Very professional staff and management while testing the lighting,Positive
263,482,5,Had a great time playing here while trying out the new turf,Positive
264,409,2,Personally Staff was not responsive to issues but worth the money and time while testing the lighting,Negative
265,79,3,Overall Unhygienic changing rooms but the staff was very helpful and friendly during weekend booking,Negative
266,185,4,"In my opinion Amazing experience, will come again but would not recommend this place on a rainy day",Positive
267,285,5,Overall Very clean and well maintained ground but very unprofessional management and staff while playing with friends,Positive
268,306,3,Overall Very clean and well maintained ground we played in the evening,Positive
269,399,4,In my opinion Great futsal court with excellent facilities during peak hours,Positive
270,293,1,ok,Negative
271,253,2,Well Facilities were not clean at all but everything was well organized and managed during peak hours,Negative
272,142,2,average nothing wow,Negative
273,370,1,Based on my visit The ground was slippery and dangerous during weekend booking,Negative
274,156,1,From what I saw Very poor management system while testing the lighting,Negative
275,431,2,horrible,Negative
276,499,3,Very unprofessional management and staff on a rainy day,Negative
277,494,1,To be honest Very poor management system on a rainy day,Negative
278,167,1,In my opinion Had to wait for a long time to get the court ready at night session,Negative
279,280,5, The ground condition was perfect for playing but very poor management system during peak hours,Positive
280,488,1,ok,Negative
281,36,3,Actually Very unprofessional management and staff during our match time,Negative
282,130,1, Had to wait for a long time to get the court ready but everything was well organized and managed during peak hours,Negative
283,299,2,Actually Staff was not responsive to issues but worth the money and time during peak hours,Negative
284,459,5,As a regular player Very comfortable and enjoyable experience but the ground was slippery and dangerous during peak hours,Positive
285,341,5,"From what I saw Amazing experience, will come again during weekend booking",Positive
286,347,5,Well Loved the turf and lighting setup while testing the lighting,Positive
287,6,3,on a rainy day,Positive
288,383,3,not satisfied,Negative
289,238,4,From what I saw The surface quality was very good while testing the lighting,Positive
290,248,1,From what I saw Ground condition was not good during our regular game,Negative
291,60,3,will come again,Positive
292,402,2,Actually Not satisfied with the overall experience while playing with friends,Negative
293,35,4,Based on my visit Had a great time playing here but very unprofessional management and staff on a rainy day,Positive
294,56,5,Great futsal court with excellent facilities during weekend booking,Positive
295,287,2,Personally The lighting was dim and insufficient but one of the best futsal courts in the area during our match time,Negative
296,328,1,Based on my visit Facilities were outdated and not maintained during our match time,Negative
297,200,2,Frankly speaking Very poor management system we played in the evening,Negative
298,143,3,too costly yrr,Positive
299,188,3, Good maintenance and clean surroundings but the staff was not helpful when we had issues during weekend booking,Positive
300,271,2,Based on my visit Too much delay in booking confirmation during weekend booking,Negative
301,59,5,In my opinion Very professional staff and management while testing the lighting,Positive
302,410,3,Based on my visit Waste of money and time while testing the lighting,Negative
303,61,2,From what I saw The turf was damaged and unsafe while testing the lighting,Negative
304,199,5,Overall The ground condition was perfect for playing while playing with friends,Positive
305,326,4,Personally Very professional staff and management while testing the lighting,Positive
306,96,1,Well Facilities were not clean at all while playing with friends,Negative
307,249,3,Based on my visit Loved the turf and lighting setup while testing the lighting,Positive
308,259,5,horrible,Positive
309,251,2,Frankly speaking Had a very bad time playing here while trying out the new turf,Negative
310,408,3,not bad,Positive
311,87,4,To be honest Booking system was fast and easy we played in the evening,Positive
312,59,5,From what I saw Very comfortable and enjoyable experience while trying out the new turf,Positive
313,390,3,As a regular player Very comfortable and enjoyable experience on a rainy day,Positive
314,448,4,As a regular player Affordable price with great quality but the court was not ready on time during our match time,Positive
315,225,1,Based on my visit Not satisfied with the overall experience at night session,Negative
316,353,5,Overall Really enjoyed playing here with friends during our match time,Positive
317,417,1,Actually The environment was not welcoming at all but friendly staff and smooth booking process while testing the lighting,Negative
318,276,3,Honestly Not satisfied with the overall experience while testing the lighting,Negative
319,294,2,meh experience,Negative
320,471,2,As a regular player Too crowded and not managed properly during weekend booking,Negative
321,65,5,worth it,Positive
322,390,3,Personally Friendly staff and smooth booking process during our match time,Positive
323,322,4,Frankly speaking Friendly staff and smooth booking process while trying out the new turf,Positive
324,207,3,Based on my visit The best place to play futsal in town during weekend booking,Positive
325,298,4,To be honest Spacious court and proper lighting setup on a rainy day,Positive
326,498,3,nice but little expensive,Negative
327,112,2,Well Overpriced for such poor quality on a rainy day,Negative
328,173,4,From my experience Booking system was fast and easy while trying out the new turf,Positive
329,391,3,Personally Had to wait for a long time to get the court ready while testing the lighting,Negative
330,402,3,bad lighting but ground ok,Negative
331,234,4,"Honestly The court was spacious and well-maintained, providing ample room for players to enjoy their game without feeling cramped or overcrowded during weekend booking",Positive
332,353,1,will come again,Negative
333,48,4,Well One of the best futsal courts in the area at night session,Positive
334,85,5,To be honest The ground condition was perfect for playing during weekend booking,Positive
335,372,4,worst,Positive
336,110,1,From my experience The turf was damaged and unsafe during peak hours,Negative
337,5,2,Personally Bad experience with staff behavior while testing the lighting,Negative
338,441,3,could be better,Positive
339,375,3,Personally Very clean and well maintained ground while trying out the new turf,Positive
340,196,1,Overall The ground was slippery and dangerous on a rainy day,Negative
341,313,1, Ground condition was not good but good maintenance and clean surroundings while playing with friends,Negative
342,78,5,Based on my visit The turf was in excellent condition and very safe on a rainy day,Positive
343,386,1,"From what I saw Not worth the price but amazing experience, will come again while trying out the new turf",Negative
344,494,2,horrible,Negative
345,128,1,The court was not ready on time while playing with friends,Negative
346,14,3,From what I saw Poor lighting and ventilation while testing the lighting,Negative
347,97,3,Well Not worth the price at night session,Negative
348,254,3,"To be honest The booking process was seamless and efficient, making it easy to reserve a court we played in the evening",Positive
349,185,1,From my experience Overpriced for such poor quality while trying out the new turf,Negative
350,89,3,Personally Had a very bad time playing here during peak hours,Negative
351,135,3,Great futsal court with excellent facilities during weekend booking,Positive
352,257,5,Honestly Highly recommended for futsal lovers during peak hours,Positive
353,316,3,Frankly speaking The turf was damaged and unsafe during peak hours,Negative
354,41,4,nice but little expensive,Positive
355,325,5,From my experience Very comfortable and enjoyable experience while playing with friends,Positive
356,489,3,Well Would not recommend this place during weekend booking,Negative
357,233,3,Honestly Very clean and well maintained ground during our match time,Positive
358,360,1,Honestly Waste of money and time but the staff was very helpful and friendly at night session,Negative
359,268,2,good,Negative
360,400,3,Actually Facilities were not clean at all at night session,Negative
361,140,2,Actually Very bad experience overall during weekend booking,Negative
362,185,5,To be honest The best place to play futsal in town but the price was too high for the quality offered while testing the lighting,Positive
363,189,1,not bad,Negative
364,346,3,bad lighting but ground ok,Negative
365,24,3,From my experience Great futsal court with excellent facilities but court was dirty and poorly maintained during our regular game,Positive
366,284,1,Frankly speaking Waste of money and time while playing with friends,Negative
367,469,4,Actually The surface quality was very good during peak hours,Positive
368,92,1,To be honest The ground was slippery and dangerous but excellent facilities and great atmosphere during weekend booking,Negative
369,444,4,As a regular player we played in the evening,Positive
370,189,3,To be honest Very clean and well maintained ground on a rainy day,Positive
371,189,4,From what I saw The turf was in excellent condition and very safe at night session,Positive
372,78,3,Based on my visit The turf was in excellent condition and very safe during our match time,Positive
373,120,3,will come again,Positive
374,435,2,Well The worst futsal court I've ever been to but excellent facilities and great atmosphere we played in the evening,Negative
375,215,1,To be honest Not worth the price during weekend booking,Negative
376,460,1,"Honestly Unhygienic changing rooms but the court was spacious and well-maintained, providing ample room for players to enjoy their game without feeling cramped or overcrowded while playing with friends",Negative
377,298,1,Frankly speaking The price was too high for the quality offered on a rainy day,Negative
378,420,5,staff good but turf bad,Positive
379,122,3,From what I saw Loved the turf and lighting setup while testing the lighting,Positive
380,120,2,"In my opinion Terrible experience, will never come back during peak hours",Negative
381,400,1,too costly yrr,Negative
382,209,4,"Overall Amazing experience, will come again but the price was too high for the quality offered while playing with friends",Positive
383,232,3,loved it,Positive
384,424,2,To be honest The turf was damaged and unsafe but excellent facilities and great atmosphere during weekend booking,Negative
385,76,2,From what I saw Not worth the price we played in the evening,Negative
386,203,2,not satisfied,Negative
387,16,3,Well Booking system was fast and easy at night session,Positive
388,237,3,Based on my visit The turf was in excellent condition and very safe during our regular game,Positive
389,7,1,staff good but turf bad,Negative
390,102,3,not satisfied,Positive
391,12,3,In my opinion Good maintenance and clean surroundings during weekend booking,Positive
392,63,2,"From my experience Too crowded and not managed properly but the environment was welcoming and created a great atmosphere for playing futsal, making it a favorite spot for many players while trying out the new turf",Negative
393,87,3,never again,Positive
394,89,2,Frankly speaking Had to wait for a long time to get the court ready but excellent facilities and great atmosphere during peak hours,Negative
395,18,1,Personally Unhygienic changing rooms at night session,Negative
396,452,4,From what I saw The best place to play futsal in town during our match time,Positive
397,103,2,Honestly Unhygienic changing rooms during weekend booking,Negative
398,407,3,The court was not ready on time during our regular game,Negative
399,184,5,horrible,Positive
400,165,3,Not satisfied with the overall experience while trying out the new turf,Negative
401,459,3,Personally Nice environment and good vibes overall we played in the evening,Positive
402,120,3,To be honest The court was overcrowded and chaotic we played in the evening,Negative
403,29,3,Overall The court was not ready on time during our match time,Negative
404,91,1,From my experience Staff was not responsive to issues while testing the lighting,Negative
405,486,2,In my opinion Very bad experience overall on a rainy day,Negative
406,278,2,Personally Very poor management system while testing the lighting,Negative
407,270,3,Based on my visit Very clean and well maintained ground but bad experience with staff behavior we played in the evening,Positive
408,368,2,In my opinion Very poor management system while testing the lighting,Negative
409,12,3,could be better,Positive
410,434,1,staff good but turf bad,Negative
411,203,3,In my opinion The ground was slippery and dangerous during weekend booking,Negative
412,486,5,In my opinion Nice environment and good vibes overall but facilities were not clean at all at night session,Positive
413,496,5,Well The best place to play futsal in town while trying out the new turf,Positive
414,194,1,From what I saw Bad experience with staff behavior on a rainy day,Negative
415,486,3,Actually Too crowded and not managed properly but great futsal court with excellent facilities at night session,Negative
416,114,3, Staff was rude and unhelpful but nice environment and good vibes overall while testing the lighting,Negative
417,122,3,Overall Friendly staff and smooth booking process while trying out the new turf,Positive
418,421,3,In my opinion The best place to play futsal in town while playing with friends,Positive
419,355,1,Well Very unprofessional management and staff but really enjoyed playing here with friends on a rainy day,Negative
420,369,1,worth it,Negative
421,376,2,horrible,Negative
422,280,4,Personally Had a great time playing here during peak hours,Positive
423,151,1,Based on my visit Bad experience with staff behavior but very clean and well maintained ground while testing the lighting,Negative
424,38,3,worth it,Positive
425,305,4,Frankly speaking The turf was in excellent condition and very safe but the turf was damaged and unsafe while playing with friends,Positive
426,311,1,Based on my visit The environment was not welcoming at all we played in the evening,Negative
427,210,3,"Personally Amazing experience, will come again we played in the evening",Positive
428,122,4,Actually Booking system was fast and easy during our regular game,Positive
429,282,3,horrible,Negative
430,422,2,Personally The ground was slippery and dangerous but very clean and well maintained ground we played in the evening,Negative
431,327,3,From what I saw Really enjoyed playing here with friends but not worth the price while trying out the new turf,Positive
432,242,2,Overall Booking system was confusing while trying out the new turf,Negative
433,95,2,Well The turf was damaged and unsafe at night session,Negative
434,226,4,Frankly speaking One of the best futsal courts in the area on a rainy day,Positive
435,343,3,From my experience Good maintenance and clean surroundings but very disappointing experience at night session,Positive
436,420,2,As a regular player Bad experience with staff behavior during peak hours,Negative
437,154,4,As a regular player Good maintenance and clean surroundings while trying out the new turf,Positive
438,293,3,ok futsal not bad,Negative
439,62,3,Excellent facilities and great atmosphere while testing the lighting,Positive
440,414,3,Based on my visit while playing with friends,Positive
441,41,4,ok futsal not bad,Positive
442,133,5,"Frankly speaking The overall management of the facility was top-notch, ensuring a smooth and enjoyable experience for all players during our match time",Positive
443,283,4,Actually Very clean and well maintained ground during weekend booking,Positive
444,403,1,To be honest The price was too high for the quality offered during our regular game,Negative
445,291,1,From what I saw Had a very bad time playing here but friendly staff and smooth booking process during our regular game,Negative
446,403,1,Very disappointing experience during weekend booking,Negative
447,249,3,As a regular player Had a very bad time playing here on a rainy day,Negative
448,317,3,Based on my visit One of the best futsal courts in the area we played in the evening,Positive
449,354,2,Actually Staff was rude and unhelpful during peak hours,Negative
450,11,4,"Actually The court was spacious and well-maintained, providing ample room for players to enjoy their game without feeling cramped or overcrowded while trying out the new turf",Positive
451,440,4,Everything was well organized and managed at night session,Positive
452,227,5,Overall Friendly staff and smooth booking process during our match time,Positive
453,46,5,In my opinion The turf was in excellent condition and very safe at night session,Positive
454,380,2,too costly yrr,Negative
455,160,3,"As a regular player The overall management of the facility was top-notch, ensuring a smooth and enjoyable experience for all players but facilities were not clean at all on a rainy day",Positive
456,15,5,Frankly speaking The lighting was perfect for night games and well-distributed while playing with friends,Positive
457,128,3,too costly yrr,Positive
458,361,4,ok futsal not bad,Positive
459,259,4,loved it,Positive
460,229,5,Overall The surface quality was very good we played in the evening,Positive
461,283,5,good,Positive
462,26,2,Personally The turf was damaged and unsafe at night session,Negative
463,439,1,not bad,Negative
464,11,3,From my experience Unhygienic changing rooms during our match time,Negative
465,89,3,The court was overcrowded and chaotic we played in the evening,Negative
466,365,2,Honestly Too much delay in booking confirmation during our match time,Negative
467,236,2,Well The environment was not welcoming at all at night session,Negative
468,300,2,Based on my visit The lighting was dim and insufficient at night session,Negative
469,495,5,bad,Positive
470,153,4,In my opinion The best place to play futsal in town during our regular game,Positive
471,167,3,Based on my visit The worst futsal court I've ever been to during weekend booking,Negative
472,461,1,To be honest Very poor management system but the lighting was perfect for night games and well-distributed at night session,Negative
473,339,2,not good,Negative
474,465,2,Personally Had to wait for a long time to get the court ready we played in the evening,Negative
475,114,3,Frankly speaking Very poor management system we played in the evening,Negative
476,431,1,Well Not satisfied with the overall experience while trying out the new turf,Negative
477,133,5,As a regular player Everything was well organized and managed but too crowded and not managed properly while playing with friends,Positive
478,336,4,As a regular player while playing with friends,Positive
479,382,1,loved it,Negative
480,238,2,Frankly speaking The ground was slippery and dangerous on a rainy day,Negative
481,484,5,"Based on my visit The environment was welcoming and created a great atmosphere for playing futsal, making it a favorite spot for many players we played in the evening",Positive
482,153,5,Based on my visit Highly recommended for futsal lovers but staff was not responsive to issues during our match time,Positive
483,458,5,Personally Really enjoyed playing here with friends while playing with friends,Positive
484,399,3,Based on my visit Nice environment and good vibes overall while playing with friends,Positive
485,91,5,could be better,Positive
486,296,1,Honestly Very unprofessional management and staff we played in the evening,Negative
487,220,3,Based on my visit Too crowded and not managed properly during weekend booking,Negative
488,192,5,Based on my visit Great futsal court with excellent facilities but very poor management system during peak hours,Positive
489,376,3,In my opinion Very poor management system but great futsal court with excellent facilities during our regular game,Negative
490,302,3,Actually Would not recommend this place but very professional staff and management on a rainy day,Negative
491,373,4,Overall Everything was well organized and managed we played in the evening,Positive
492,176,3,As a regular player Affordable price with great quality on a rainy day,Positive
493,117,3,Based on my visit The lighting was perfect for night games and well-distributed but facilities were outdated and not maintained on a rainy day,Positive
494,64,3,Personally The turf was in excellent condition and very safe but the turf was uneven and caused injuries during our match time,Positive
495,395,4,Well Very professional staff and management we played in the evening,Positive
496,429,5,Honestly Loved the turf and lighting setup while testing the lighting,Positive
497,228,2,bad lighting but ground ok,Negative
498,356,1,As a regular player The court was overcrowded and chaotic at night session,Negative
499,267,5,Honestly Affordable price with great quality at night session,Positive
500,262,1,From what I saw Had a very bad time playing here while playing with friends,Negative
501,102,4,"Overall Amazing experience, will come again at night session",Positive
502,184,3,"The overall management of the facility was top-notch, ensuring a smooth and enjoyable experience for all players at night session",Positive
503,353,1,To be honest Staff was rude and unhelpful while playing with friends,Negative
504,428,1,In my opinion Court was dirty and poorly maintained but very clean and well maintained ground during our match time,Negative
505,371,3,Based on my visit  but the turf was uneven and caused injuries while playing with friends,Positive
506,136,2,To be honest The price was too high for the quality offered during our match time,Negative
507,411,4,"Overall The environment was welcoming and created a great atmosphere for playing futsal, making it a favorite spot for many players but poor lighting and ventilation while playing with friends",Positive
508,5,1,Frankly speaking Very disappointing experience during weekend booking,Negative
509,490,2,Well The worst futsal court I've ever been to while playing with friends,Negative
510,59,3,Actually The ground condition was perfect for playing during weekend booking,Positive
511,410,2,Based on my visit Staff was not responsive to issues at night session,Negative
512,54,3," Amazing experience, will come again but lighting was not good while playing with friends",Positive
513,93,4,"From what I saw The booking process was seamless and efficient, making it easy to reserve a court while trying out the new turf",Positive
514,472,4, Worth the money and time but too crowded and not managed properly on a rainy day,Positive
515,7,2,Frankly speaking Staff was rude and unhelpful but the best place to play futsal in town while trying out the new turf,Negative
516,448,3,Well Bad experience with staff behavior during our regular game,Negative
517,128,5,"As a regular player Amazing experience, will come again while testing the lighting",Positive
518,457,5,Well Friendly staff and smooth booking process during peak hours,Positive
519,435,5,Honestly The best place to play futsal in town we played in the evening,Positive
520,124,2,Based on my visit Overpriced for such poor quality while playing with friends,Negative
521,194,3,To be honest The turf was uneven and caused injuries we played in the evening,Negative
522,230,3,From my experience The price was too high for the quality offered during weekend booking,Negative
523,162,4,good,Positive
524,335,5,good,Positive
525,19,2,horrible,Negative
526,106,3,Honestly Would not recommend this place during weekend booking,Negative
527,433,3,Based on my visit The ground condition was perfect for playing on a rainy day,Positive
528,187,5,As a regular player Worth the money and time while testing the lighting,Positive
529,175,3,Overall The lighting was perfect for night games and well-distributed during weekend booking,Positive
530,24,1,Well The lighting was dim and insufficient at night session,Negative
531,210,5,"Based on my visit The overall management of the facility was top-notch, ensuring a smooth and enjoyable experience for all players while playing with friends",Positive
532,97,1,not good,Negative
533,235,1,horrible,Negative
534,475,3,"From my experience Amazing experience, will come again on a rainy day",Positive
535,235,4,"Well Amazing experience, will come again while testing the lighting",Positive
536,284,1,As a regular player Had to wait for a long time to get the court ready but the turf was in excellent condition and very safe while playing with friends,Negative
537,355,3,"From what I saw The court was spacious and well-maintained, providing ample room for players to enjoy their game without feeling cramped or overcrowded while trying out the new turf",Positive
538,311,3,Actually Very disappointing experience while playing with friends,Negative
539,391,3,As a regular player Had a very bad time playing here during peak hours,Negative
540,71,3,Frankly speaking Everything was well organized and managed on a rainy day,Positive
541,441,3,Actually Would not recommend this place during our regular game,Negative
542,320,3,Actually The best place to play futsal in town during our regular game,Positive
543,333,5,"Well The court was spacious and well-maintained, providing ample room for players to enjoy their game without feeling cramped or overcrowded on a rainy day",Positive
544,364,4,Personally Very comfortable and enjoyable experience during our regular game,Positive
545,246,5,loved it,Positive
546,147,5,Well Excellent facilities and great atmosphere during peak hours,Positive
547,28,1,Frankly speaking The lighting was dim and insufficient but very professional staff and management we played in the evening,Negative
548,129,3,From my experience Facilities were not clean at all at night session,Negative
549,402,5,ok futsal not bad,Positive
550,53,4,Loved the turf and lighting setup during our regular game,Positive
551,288,5,"Well The environment was welcoming and created a great atmosphere for playing futsal, making it a favorite spot for many players during our regular game",Positive
552,199,4,As a regular player The staff was very helpful and friendly at night session,Positive
553,381,3,on a rainy day,Positive
554,364,3,From what I saw Bad experience with staff behavior while trying out the new turf,Negative
555,398,1,The staff was not helpful when we had issues while testing the lighting,Negative
556,493,3,From my experience Spacious court and proper lighting setup but overpriced for such poor quality at night session,Positive
557,194,1,bad,Negative
558,136,5,worth it,Positive
559,3,4,not bad,Positive
560,27,3,Actually Staff was rude and unhelpful but nice environment and good vibes overall while playing with friends,Negative
561,282,3,Well Would not recommend this place while testing the lighting,Negative
562,267,1,The lighting was dim and insufficient on a rainy day,Negative
563,213,3,bad,Positive
564,340,3,Frankly speaking The ground condition was perfect for playing during weekend booking,Positive
565,272,3,In my opinion Not worth the price at night session,Negative
566,124,2,As a regular player Booking system was confusing we played in the evening,Negative
567,454,5,From what I saw The surface quality was very good while testing the lighting,Positive
568,145,5,Very professional staff and management during weekend booking,Positive
569,264,4,bad,Positive
570,99,3,Based on my visit Staff was rude and unhelpful while trying out the new turf,Negative
571,274,5,Overall One of the best futsal courts in the area during weekend booking,Positive
572,344,3,nice but little expensive,Positive
573,450,5,"From my experience The overall management of the facility was top-notch, ensuring a smooth and enjoyable experience for all players but the staff was not helpful when we had issues during peak hours",Positive
574,383,3,The best place to play futsal in town during peak hours,Positive
575,92,1,Honestly The worst futsal court I've ever been to but very clean and well maintained ground while trying out the new turf,Negative
576,199,2,As a regular player Bad experience with staff behavior during weekend booking,Negative
577,4,5,Frankly speaking Nice environment and good vibes overall but booking system was confusing during peak hours,Positive
578,184,1,From what I saw Staff was rude and unhelpful during weekend booking,Negative
579,392,2,Overall Would not recommend this place at night session,Negative
580,113,3,Frankly speaking Very bad experience overall during peak hours,Negative
581,152,5,horrible,Positive
582,332,5,Personally Excellent facilities and great atmosphere at night session,Positive
583,22,3,"Honestly The environment was welcoming and created a great atmosphere for playing futsal, making it a favorite spot for many players during our regular game",Positive
584,276,4,not good,Positive
585,177,3,Overall Not worth the price at night session,Negative
586,428,3,Well Ground condition was not good but the surface quality was very good during our regular game,Negative
587,237,3,Overall Lighting was not good while playing with friends,Negative
588,372,1,Overall Overpriced for such poor quality at night session,Negative
589,52,1,In my opinion Too crowded and not managed properly on a rainy day,Negative
590,316,2,"Overall Terrible experience, will never come back during our match time",Negative
591,414,2,Actually Ground condition was not good while testing the lighting,Negative
592,365,1,Frankly speaking Court was dirty and poorly maintained while playing with friends,Negative
593,376,5,"Frankly speaking The overall management of the facility was top-notch, ensuring a smooth and enjoyable experience for all players at night session",Positive
594,250,4,Based on my visit Spacious court and proper lighting setup while trying out the new turf,Positive
595,457,3,Personally Very clean and well maintained ground while testing the lighting,Positive
596,324,3,To be honest Overpriced for such poor quality during weekend booking,Negative
597,208,5,not bad,Positive
598,242,5,From my experience Very comfortable and enjoyable experience we played in the evening,Positive
599,376,3,Personally Facilities were outdated and not maintained on a rainy day,Negative
600,187,4,Personally Highly recommended for futsal lovers while trying out the new turf,Positive
601,351,5,"Well The environment was welcoming and created a great atmosphere for playing futsal, making it a favorite spot for many players during our match time",Positive
602,229,1,bad,Negative
603,338,3,not bad,Negative
604,390,3,Personally while trying out the new turf,Positive
605,106,5,Overall The ground condition was perfect for playing at night session,Positive
606,452,2,Staff was not responsive to issues on a rainy day,Negative
607,53,4,worst,Positive
608,279,5,"As a regular player The overall management of the facility was top-notch, ensuring a smooth and enjoyable experience for all players at night session",Positive
609,265,1,Frankly speaking The ground was slippery and dangerous during peak hours,Negative
610,250,4,From my experience Very professional staff and management during our regular game,Positive
611,85,2,From what I saw The turf was uneven and caused injuries we played in the evening,Negative
612,309,4,As a regular player Really enjoyed playing here with friends but facilities were not clean at all at night session,Positive
613,59,3,Overall Had a very bad time playing here during our match time,Negative
614,427,3,Based on my visit Not worth the price while trying out the new turf,Negative
615,69,3,From my experience Friendly staff and smooth booking process we played in the evening,Positive
616,265,3,Honestly Friendly staff and smooth booking process but too much delay in booking confirmation while testing the lighting,Positive
617,111,3,From what I saw The best place to play futsal in town but poor lighting and ventilation while testing the lighting,Positive
618,308,2,Based on my visit Facilities were not clean at all while trying out the new turf,Negative
619,320,3,not bad,Positive
620,303,3,To be honest The worst futsal court I've ever been to while playing with friends,Negative
621,68,4,horrible,Positive
622,441,5,too costly yrr,Positive
623,244,3,"Well The overall management of the facility was top-notch, ensuring a smooth and enjoyable experience for all players but very disappointing experience during peak hours",Positive
624,48,1,From what I saw The staff was not helpful when we had issues we played in the evening,Negative
625,333,3,Personally The staff was not helpful when we had issues while testing the lighting,Negative
626,118,2,Frankly speaking Staff was rude and unhelpful on a rainy day,Negative
627,465,5,Based on my visit The ground condition was perfect for playing during peak hours,Positive
628,245,2,Actually Very disappointing experience while testing the lighting,Negative
629,132,4,Overall Worth the money and time at night session,Positive
630,268,3,good court but price high,Negative
631,336,4,good court but price high,Positive
632,219,1,Had a very bad time playing here on a rainy day,Negative
633,188,5,"To be honest The environment was welcoming and created a great atmosphere for playing futsal, making it a favorite spot for many players at night session",Positive
634,402,5,Well The lighting was perfect for night games and well-distributed during peak hours,Positive
635,158,4,Personally Very comfortable and enjoyable experience on a rainy day,Positive
636,61,3,Too crowded and not managed properly during peak hours,Negative
637,403,2,Based on my visit Very disappointing experience while playing with friends,Negative
638,3,3,As a regular player Lighting was not good but  while testing the lighting,Negative
639,33,3,"Personally The court was spacious and well-maintained, providing ample room for players to enjoy their game without feeling cramped or overcrowded while trying out the new turf",Positive
640,315,2,In my opinion Staff was rude and unhelpful during weekend booking,Negative
641,328,3,To be honest Loved the turf and lighting setup while testing the lighting,Positive
642,402,1,Honestly The lighting was dim and insufficient during our match time,Negative
643,123,4,As a regular player Worth the money and time but staff was rude and unhelpful during our match time,Positive
644,343,4,Personally Booking system was fast and easy during weekend booking,Positive
645,282,3,From what I saw Highly recommended for futsal lovers but overpriced for such poor quality during our match time,Positive
646,116,4,As a regular player The ground condition was perfect for playing while testing the lighting,Positive
647,90,2,From my experience Facilities were outdated and not maintained while trying out the new turf,Negative
648,485,2,Overall Overpriced for such poor quality during our regular game,Negative
649,449,4,bad,Positive
650,289,2,Too much delay in booking confirmation while testing the lighting,Negative
651,442,3,From my experience The price was too high for the quality offered on a rainy day,Negative
652,35,4,bad lighting but ground ok,Positive
653,212,4,Excellent facilities and great atmosphere during our match time,Positive
654,128,4,As a regular player Great futsal court with excellent facilities during our regular game,Positive
655,244,3,Frankly speaking Very clean and well maintained ground on a rainy day,Positive
656,477,3,From my experience Unhygienic changing rooms but the turf was in excellent condition and very safe while testing the lighting,Negative
657,106,2,Based on my visit The court was not ready on time during our match time,Negative
658,472,1,"From my experience Not satisfied with the overall experience but amazing experience, will come again while testing the lighting",Negative
659,315,2,nice,Negative
660,435,1,ok,Negative
661,445,3,From what I saw Had to wait for a long time to get the court ready on a rainy day,Negative
662,66,5,Personally Booking system was fast and easy during our regular game,Positive
663,482,2,will come again,Negative
664,235,1,As a regular player Facilities were outdated and not maintained on a rainy day,Negative
665,7,1,Actually The price was too high for the quality offered during our regular game,Negative
666,442,3,Frankly speaking Very disappointing experience while testing the lighting,Negative
667,176,5,As a regular player The surface quality was very good at night session,Positive
668,187,4,Based on my visit Really enjoyed playing here with friends during peak hours,Positive
669,352,5,To be honest One of the best futsal courts in the area while trying out the new turf,Positive
670,439,4,"Overall The booking process was seamless and efficient, making it easy to reserve a court at night session",Positive
671,216,3,Personally Had a great time playing here while playing with friends,Positive
672,154,4,Well Very comfortable and enjoyable experience during our regular game,Positive
673,111,3,From what I saw Very professional staff and management but facilities were not clean at all we played in the evening,Positive
674,185,2,Based on my visit Very unprofessional management and staff during weekend booking,Negative
675,445,2,"As a regular player Not satisfied with the overall experience but amazing experience, will come again at night session",Negative
676,182,2,From what I saw The staff was not helpful when we had issues but the lighting was perfect for night games and well-distributed during our match time,Negative
677,196,3,As a regular player The lighting was perfect for night games and well-distributed while trying out the new turf,Positive
678,216,2,Based on my visit Facilities were not clean at all while playing with friends,Negative
679,161,1,From what I saw Overpriced for such poor quality but nice environment and good vibes overall during peak hours,Negative
680,400,2,To be honest Facilities were outdated and not maintained at night session,Negative
681,86,4,In my opinion Highly recommended for futsal lovers while testing the lighting,Positive
682,373,1,good court but price high,Negative
683,33,1,"To be honest Not worth the price but amazing experience, will come again during weekend booking",Negative
684,392,5,Based on my visit Loved the turf and lighting setup but facilities were outdated and not maintained during our regular game,Positive
685,159,2,"Overall Ground condition was not good but the court was spacious and well-maintained, providing ample room for players to enjoy their game without feeling cramped or overcrowded at night session",Negative
686,270,3,Actually Spacious court and proper lighting setup at night session,Positive
687,443,4,Honestly Excellent facilities and great atmosphere we played in the evening,Positive
688,277,3,As a regular player Very unprofessional management and staff but  at night session,Negative
689,324,4,not good,Positive
690,159,3,From what I saw The lighting was dim and insufficient during peak hours,Negative
691,158,2,Based on my visit Bad experience with staff behavior during our regular game,Negative
692,177,1,To be honest Would not recommend this place but highly recommended for futsal lovers while playing with friends,Negative
693,154,2,As a regular player Had to wait for a long time to get the court ready we played in the evening,Negative
694,306,2,will come again,Negative
695,224,3,"Honestly The ground was slippery and dangerous but the price was reasonable for the quality of the facilities and the overall experience provided, making it a great value for money during our regular game",Negative
696,217,1,Personally Staff was not responsive to issues during peak hours,Negative
697,146,4,"As a regular player The booking process was seamless and efficient, making it easy to reserve a court while testing the lighting",Positive
698,70,3,As a regular player Affordable price with great quality but overpriced for such poor quality at night session,Positive
699,252,3,Well Very unprofessional management and staff while trying out the new turf,Negative
700,26,3,good court but price high,Positive
701,367,3,"Honestly Amazing experience, will come again while playing with friends",Positive
702,176,1,Honestly The turf was damaged and unsafe but had a great time playing here during our match time,Negative
703,170,1,The ground was slippery and dangerous while trying out the new turf,Negative
704,137,1,staff good but turf bad,Negative
705,425,4,Overall Had a great time playing here but too much delay in booking confirmation during our regular game,Positive
706,395,2,not satisfied,Negative
707,267,1,From my experience Very poor management system we played in the evening,Negative
708,480,4,From my experience Very professional staff and management while trying out the new turf,Positive
709,153,3,Well The lighting was dim and insufficient but had a great time playing here we played in the evening,Negative
710,112,5,ok futsal not bad,Positive
711,300,2,"From my experience Terrible experience, will never come back but the booking process was seamless and efficient, making it easy to reserve a court during peak hours",Negative
712,497,3,not satisfied,Positive
713,306,3,good,Negative
714,81,3,nice but little expensive,Positive
715,31,5,Well Nice environment and good vibes overall while testing the lighting,Positive
716,360,1,worst,Negative
717,404,3,Overall Had to wait for a long time to get the court ready while playing with friends,Negative
718,371,2,In my opinion Very poor management system but very professional staff and management while trying out the new turf,Negative
719,362,2,ok futsal not bad,Negative
720,96,5,To be honest The staff was very helpful and friendly during our regular game,Positive
721,469,5,In my opinion Booking system was fast and easy while trying out the new turf,Positive
722,278,2,Personally The lighting was dim and insufficient but everything was well organized and managed during weekend booking,Negative
723,318,1,Honestly Staff was not responsive to issues during our regular game,Negative
724,338,3,The surface quality was very good while testing the lighting,Positive
725,79,5,Frankly speaking Highly recommended for futsal lovers during our match time,Positive
726,35,3,"In my opinion Terrible experience, will never come back but highly recommended for futsal lovers during peak hours",Negative
727,448,1,staff good but turf bad,Negative
728,99,4,bad lighting but ground ok,Positive
729,429,5,not bad,Positive
730,368,3,Based on my visit Too much delay in booking confirmation but the surface quality was very good during our regular game,Negative
731,252,5,too costly yrr,Positive
732,481,3,Overall Lighting was not good while trying out the new turf,Negative
733,21,5,"In my opinion The overall management of the facility was top-notch, ensuring a smooth and enjoyable experience for all players we played in the evening",Positive
734,52,1,To be honest Not worth the price during weekend booking,Negative
735,321,5,As a regular player Really enjoyed playing here with friends but the court was not ready on time during peak hours,Positive
736,296,5,As a regular player Affordable price with great quality during our regular game,Positive
737,206,5,"Based on my visit The price was reasonable for the quality of the facilities and the overall experience provided, making it a great value for money but waste of money and time during peak hours",Positive
738,478,2,Well The staff was not helpful when we had issues while playing with friends,Negative
739,392,4,In my opinion Nice environment and good vibes overall during our regular game,Positive
740,193,1,Actually The court was not ready on time on a rainy day,Negative
741,492,4,Actually The ground condition was perfect for playing at night session,Positive
742,70,5,Actually Everything was well organized and managed we played in the evening,Positive
743,439,3,To be honest Everything was well organized and managed we played in the evening,Positive
744,80,3,The turf was uneven and caused injuries at night session,Negative
745,80,4,never again,Positive
746,128,5,loved it,Positive
747,470,5,Very clean and well maintained ground at night session,Positive
748,360,3,"Overall The court was overcrowded and chaotic but the overall management of the facility was top-notch, ensuring a smooth and enjoyable experience for all players on a rainy day",Negative
749,414,5,Overall The best place to play futsal in town while testing the lighting,Positive
750,451,4,"Overall The court was spacious and well-maintained, providing ample room for players to enjoy their game without feeling cramped or overcrowded we played in the evening",Positive
751,476,3,Frankly speaking Bad experience with staff behavior during weekend booking,Negative
752,28,2,worst,Negative
753,258,4,Honestly Very comfortable and enjoyable experience on a rainy day,Positive
754,295,3,Personally Facilities were outdated and not maintained we played in the evening,Negative
755,68,1,From my experience Poor lighting and ventilation during peak hours,Negative
756,44,2,Based on my visit Lighting was not good while testing the lighting,Negative
757,203,4,Frankly speaking The lighting was perfect for night games and well-distributed but very poor management system while playing with friends,Positive
758,127,5,From my experience Worth the money and time during our regular game,Positive
759,46,3,"To be honest Terrible experience, will never come back during peak hours",Negative
760,188,4,will come again,Positive
761,87,4,In my opinion Worth the money and time on a rainy day,Positive
762,103,3,From what I saw Worth the money and time but staff was rude and unhelpful while trying out the new turf,Positive
763,486,3,"Personally Amazing experience, will come again during weekend booking",Positive
764,157,3,Personally Great futsal court with excellent facilities at night session,Positive
765,105,1,Honestly Not worth the price on a rainy day,Negative
766,356,1,The court was overcrowded and chaotic at night session,Negative
767,146,1,Honestly The lighting was dim and insufficient but one of the best futsal courts in the area during peak hours,Negative
768,35,1,Actually Unhygienic changing rooms but the best place to play futsal in town while testing the lighting,Negative
769,198,5,"To be honest The environment was welcoming and created a great atmosphere for playing futsal, making it a favorite spot for many players but poor lighting and ventilation on a rainy day",Positive
770,444,2,Frankly speaking Very disappointing experience during our regular game,Negative
771,288,4,Overall Really enjoyed playing here with friends while playing with friends,Positive
772,171,2,Honestly The court was not ready on time we played in the evening,Negative
773,182,2,Actually Very bad experience overall while playing with friends,Negative
774,132,3,From my experience Unhygienic changing rooms during our regular game,Negative
775,460,2,Honestly Unhygienic changing rooms during our regular game,Negative
776,314,5,Personally The turf was in excellent condition and very safe during weekend booking,Positive
777,219,1,Well Had a very bad time playing here during our match time,Negative
778,335,3,From what I saw Spacious court and proper lighting setup on a rainy day,Positive
779,410,5,ok,Positive
780,466,5,Personally The staff was very helpful and friendly at night session,Positive
781,478,3,staff good but turf bad,Negative
782,61,3,Personally Overpriced for such poor quality on a rainy day,Negative
783,16,5,staff good but turf bad,Positive
784,478,5,Frankly speaking Everything was well organized and managed during peak hours,Positive
785,316,5,"Personally Amazing experience, will come again but very bad experience overall during our match time",Positive
786,352,1,From what I saw Bad experience with staff behavior while testing the lighting,Negative
787,400,5,nice but little expensive,Positive
788,95,4,As a regular player Had a great time playing here while testing the lighting,Positive
789,210,3,Based on my visit Friendly staff and smooth booking process but bad experience with staff behavior while trying out the new turf,Positive
790,104,3,Honestly Had a very bad time playing here at night session,Negative
791,353,2,Overall Very unprofessional management and staff while playing with friends,Negative
792,312,1,Based on my visit The environment was not welcoming at all during our match time,Negative
793,293,3,Frankly speaking Facilities were outdated and not maintained on a rainy day,Negative
794,450,3,As a regular player Highly recommended for futsal lovers but the price was too high for the quality offered we played in the evening,Positive
795,286,3,As a regular player Very professional staff and management during our regular game,Positive
796,453,2,Very poor management system we played in the evening,Negative
797,471,5,To be honest One of the best futsal courts in the area while trying out the new turf,Positive
798,238,3,bad,Positive
799,481,3,Based on my visit The turf was uneven and caused injuries but the lighting was perfect for night games and well-distributed during weekend booking,Negative
800,13,4,As a regular player Very professional staff and management while playing with friends,Positive
801,459,5,not bad,Positive
802,465,3,Based on my visit Too much delay in booking confirmation during weekend booking,Negative
803,186,5,Personally Very clean and well maintained ground but very unprofessional management and staff during weekend booking,Positive
804,406,3,horrible,Negative
805,394,3,From what I saw Very professional staff and management while playing with friends,Positive
806,447,5,could be better,Positive
807,158,4,"Personally The environment was welcoming and created a great atmosphere for playing futsal, making it a favorite spot for many players but lighting was not good while playing with friends",Positive
808,461,1,Poor lighting and ventilation while trying out the new turf,Negative
809,319,1,too costly yrr,Negative
810,414,3,Honestly Had to wait for a long time to get the court ready while trying out the new turf,Negative
811,112,3,good,Positive
812,308,5,Based on my visit Affordable price with great quality while trying out the new turf,Positive
813,318,2,ok,Negative
814,75,3,From my experience One of the best futsal courts in the area but not satisfied with the overall experience we played in the evening,Positive
815,472,4,"Well The overall management of the facility was top-notch, ensuring a smooth and enjoyable experience for all players while testing the lighting",Positive
816,92,2,bad lighting but ground ok,Negative
817,339,3,meh experience,Negative
818,297,3,From what I saw Waste of money and time while testing the lighting,Negative
819,460,4,Honestly The lighting was perfect for night games and well-distributed during weekend booking,Positive
820,242,4,"Overall The overall management of the facility was top-notch, ensuring a smooth and enjoyable experience for all players during peak hours",Positive
821,270,2,worth it,Negative
822,248,3,From my experience Worth the money and time but the lighting was dim and insufficient during our match time,Positive
823,133,2,From what I saw The environment was not welcoming at all at night session,Negative
824,374,5,"From what I saw The court was spacious and well-maintained, providing ample room for players to enjoy their game without feeling cramped or overcrowded but had to wait for a long time to get the court ready on a rainy day",Positive
825,149,5,"Based on my visit The price was reasonable for the quality of the facilities and the overall experience provided, making it a great value for money while playing with friends",Positive
826,378,3,Honestly Great futsal court with excellent facilities during weekend booking,Positive
827,180,4,Affordable price with great quality while testing the lighting,Positive
828,145,3,Well Court was dirty and poorly maintained during our match time,Negative
829,393,4,Overall Everything was well organized and managed at night session,Positive
830,175,2,nice,Negative
831,170,3,From what I saw  but waste of money and time while testing the lighting,Positive
832,331,3,"Well The court was spacious and well-maintained, providing ample room for players to enjoy their game without feeling cramped or overcrowded while trying out the new turf",Positive
833,236,5,staff good but turf bad,Positive
834,476,2,As a regular player The price was too high for the quality offered on a rainy day,Negative
835,285,4,As a regular player Good maintenance and clean surroundings at night session,Positive
836,34,4,From my experience Excellent facilities and great atmosphere while testing the lighting,Positive
837,274,3,To be honest The worst futsal court I've ever been to we played in the evening,Negative
838,362,2,"From what I saw Staff was not responsive to issues but amazing experience, will come again while testing the lighting",Negative
839,450,4,Actually Booking system was fast and easy we played in the evening,Positive
840,58,1,Based on my visit Not worth the price at night session,Negative
841,410,1,Honestly The turf was damaged and unsafe during our match time,Negative
842,376,2,As a regular player Very poor management system while playing with friends,Negative
843,421,1,To be honest Ground condition was not good on a rainy day,Negative
844,199,4,As a regular player Really enjoyed playing here with friends while playing with friends,Positive
845,352,1,As a regular player Court was dirty and poorly maintained during weekend booking,Negative
846,267,3,Overall Spacious court and proper lighting setup on a rainy day,Positive
847,328,4,Actually Great futsal court with excellent facilities at night session,Positive
848,164,3,In my opinion Very poor management system during our match time,Negative
849,8,3,Well Booking system was fast and easy but unhygienic changing rooms during weekend booking,Positive
850,282,4,"As a regular player Amazing experience, will come again during our regular game",Positive
851,160,3,Personally Good maintenance and clean surroundings at night session,Positive
852,463,2,In my opinion Very unprofessional management and staff but great futsal court with excellent facilities during our regular game,Negative
853,361,3,Overall Loved the turf and lighting setup but facilities were outdated and not maintained during peak hours,Positive
854,366,1,From what I saw Not satisfied with the overall experience while trying out the new turf,Negative
855,291,2,The turf was damaged and unsafe during our regular game,Negative
856,234,3,never again,Positive
857,74,1,Well The court was overcrowded and chaotic while trying out the new turf,Negative
858,359,3,"From what I saw The court was spacious and well-maintained, providing ample room for players to enjoy their game without feeling cramped or overcrowded at night session",Positive
859,244,3,In my opinion Spacious court and proper lighting setup on a rainy day,Positive
860,434,4,good,Positive
861,295,5,loved it,Positive
862,419,2,bad lighting but ground ok,Negative
863,237,3,Overall Overpriced for such poor quality on a rainy day,Negative
864,499,3,Frankly speaking Worth the money and time during our match time,Positive
865,221,5,Overall Really enjoyed playing here with friends on a rainy day,Positive
866,89,1,Frankly speaking The worst futsal court I've ever been to while testing the lighting,Negative
867,167,2,Overall Had to wait for a long time to get the court ready but worth the money and time while testing the lighting,Negative
868,307,1,Based on my visit Would not recommend this place while playing with friends,Negative
869,168,4,not good,Positive
870,455,1,Well The turf was damaged and unsafe we played in the evening,Negative
871,273,2,Ground condition was not good we played in the evening,Negative
872,292,4,"From what I saw Spacious court and proper lighting setup but terrible experience, will never come back while testing the lighting",Positive
873,368,4,"Well The court was spacious and well-maintained, providing ample room for players to enjoy their game without feeling cramped or overcrowded at night session",Positive
874,207,3,In my opinion Court was dirty and poorly maintained during weekend booking,Negative
875,1,3,To be honest The ground condition was perfect for playing we played in the evening,Positive
876,222,1,In my opinion Poor lighting and ventilation during weekend booking,Negative
877,280,2,Frankly speaking Staff was not responsive to issues on a rainy day,Negative
878,431,2,Personally Too crowded and not managed properly but very professional staff and management while trying out the new turf,Negative
879,74,1,To be honest Too crowded and not managed properly but the best place to play futsal in town while playing with friends,Negative
880,458,4,Based on my visit Friendly staff and smooth booking process but had a very bad time playing here during peak hours,Positive
881,283,2,From what I saw Waste of money and time during peak hours,Negative
882,256,5,Frankly speaking The surface quality was very good but court was dirty and poorly maintained on a rainy day,Positive
883,296,5,From my experience Booking system was fast and easy during our regular game,Positive
884,298,3,Honestly Had a great time playing here while testing the lighting,Positive
885,440,3,Actually Ground condition was not good during weekend booking,Negative
886,456,3,The price was too high for the quality offered at night session,Negative
887,40,5,From my experience The best place to play futsal in town while trying out the new turf,Positive
888,274,2,As a regular player Would not recommend this place while testing the lighting,Negative
889,376,5,Based on my visit Highly recommended for futsal lovers while trying out the new turf,Positive
890,384,3,In my opinion Poor lighting and ventilation but the staff was very helpful and friendly at night session,Negative
891,87,3, Too much delay in booking confirmation but had a great time playing here while testing the lighting,Negative
892,147,3,"Well The booking process was seamless and efficient, making it easy to reserve a court at night session",Positive
893,130,4,Personally Very clean and well maintained ground during our regular game,Positive
894,440,4,worth it,Positive
895,229,5,Actually Worth the money and time but ground condition was not good during weekend booking,Positive
896,93,4,"Personally The booking process was seamless and efficient, making it easy to reserve a court at night session",Positive
897,479,3,Honestly The turf was damaged and unsafe on a rainy day,Negative
898,372,2,Based on my visit Staff was not responsive to issues during peak hours,Negative
899,329,3,From my experience The turf was in excellent condition and very safe while testing the lighting,Positive
900,155,2,Overall Facilities were not clean at all we played in the evening,Negative
901,200,5,The surface quality was very good during our regular game,Positive
902,475,4,"Personally The environment was welcoming and created a great atmosphere for playing futsal, making it a favorite spot for many players during our regular game",Positive
903,50,1,Frankly speaking The lighting was dim and insufficient on a rainy day,Negative
904,471,5,Well on a rainy day,Positive
905,131,3,To be honest Booking system was fast and easy on a rainy day,Positive
906,395,3,Frankly speaking The court was not ready on time while trying out the new turf,Negative
907,354,3,could be better,Negative
908,7,3,In my opinion Great futsal court with excellent facilities during our regular game,Positive
909,146,3,As a regular player Very unprofessional management and staff during weekend booking,Negative
910,458,3,Honestly The turf was damaged and unsafe but worth the money and time we played in the evening,Negative
911,439,3,From what I saw The staff was very helpful and friendly during weekend booking,Positive
912,357,3,"Frankly speaking The booking process was seamless and efficient, making it easy to reserve a court while testing the lighting",Positive
913,339,2,meh experience,Negative
914,355,4,"Well The court was spacious and well-maintained, providing ample room for players to enjoy their game without feeling cramped or overcrowded while trying out the new turf",Positive
915,398,4, Booking system was fast and easy but overpriced for such poor quality on a rainy day,Positive
916,31,2,horrible,Negative
917,313,1,"To be honest Very unprofessional management and staff but the court was spacious and well-maintained, providing ample room for players to enjoy their game without feeling cramped or overcrowded while playing with friends",Negative
918,315,3,"Well Amazing experience, will come again but the environment was not welcoming at all while trying out the new turf",Positive
919,373,3,Based on my visit Very disappointing experience but very clean and well maintained ground at night session,Negative
920,328,5,"Based on my visit The price was reasonable for the quality of the facilities and the overall experience provided, making it a great value for money we played in the evening",Positive
921,200,5,ok futsal not bad,Positive
922,264,3,"Actually The price was reasonable for the quality of the facilities and the overall experience provided, making it a great value for money on a rainy day",Positive
923,400,5,Had a great time playing here while trying out the new turf,Positive
924,419,3,Overall Bad experience with staff behavior but  during our regular game,Negative
925,171,4,Overall Very comfortable and enjoyable experience while testing the lighting,Positive
926,47,5,Frankly speaking The best place to play futsal in town we played in the evening,Positive
927,332,2,In my opinion The price was too high for the quality offered during weekend booking,Negative
928,357,2,As a regular player Staff was not responsive to issues we played in the evening,Negative
929,377,2,Overall Had to wait for a long time to get the court ready but the best place to play futsal in town on a rainy day,Negative
930,13,1,ok futsal not bad,Negative
931,330,3,From what I saw Had to wait for a long time to get the court ready during our match time,Negative
932,404,2,As a regular player Very bad experience overall but loved the turf and lighting setup while trying out the new turf,Negative
933,268,3,Frankly speaking Not worth the price during weekend booking,Negative
934,474,1,Well Ground condition was not good during our regular game,Negative
935,335,4,staff good but turf bad,Positive
936,125,1,not good,Negative
937,421,2,Personally Waste of money and time we played in the evening,Negative
938,419,3,Based on my visit One of the best futsal courts in the area while testing the lighting,Positive
939,33,3,Overall Worth the money and time while trying out the new turf,Positive
940,348,5,"Frankly speaking The booking process was seamless and efficient, making it easy to reserve a court on a rainy day",Positive
941,304,3,Overall Very comfortable and enjoyable experience but not worth the price while testing the lighting,Positive
942,141,3,nice but little expensive,Positive
943,357,3,will come again,Positive
944,69,1,Personally The court was not ready on time while trying out the new turf,Negative
945,193,5,worst,Positive
946,362,1,Honestly The turf was damaged and unsafe but one of the best futsal courts in the area while trying out the new turf,Negative
947,355,4,To be honest The staff was very helpful and friendly during peak hours,Positive
948,139,5,staff good but turf bad,Positive
949,306,1,Frankly speaking Waste of money and time during our match time,Negative
950,487,3,good,Negative
951,215,4,meh experience,Positive
952,61,3,not satisfied,Positive
953,260,3,Overall The ground was slippery and dangerous while testing the lighting,Negative
954,351,1," Unhygienic changing rooms but amazing experience, will come again during our match time",Negative
955,28,1,"Based on my visit Waste of money and time but the court was spacious and well-maintained, providing ample room for players to enjoy their game without feeling cramped or overcrowded while trying out the new turf",Negative
956,413,5,To be honest Affordable price with great quality during our match time,Positive
957,91,5,"Based on my visit Amazing experience, will come again we played in the evening",Positive
958,264,2,good court but price high,Negative
959,228,5,not satisfied,Positive
960,118,2,In my opinion Very poor management system during peak hours,Negative
961,446,2,In my opinion Very disappointing experience during our match time,Negative
962,242,1,not satisfied,Negative
963,233,3,Honestly Ground condition was not good during peak hours,Negative
964,235,1,loved it,Negative
965,17,1,Well Unhygienic changing rooms on a rainy day,Negative
966,215,2,Honestly Too crowded and not managed properly but spacious court and proper lighting setup at night session,Negative
967,454,3,could be better,Positive
968,211,3,"Personally The price was reasonable for the quality of the facilities and the overall experience provided, making it a great value for money but bad experience with staff behavior while testing the lighting",Positive
969,8,2,Based on my visit The court was overcrowded and chaotic during our match time,Negative
970,114,3,Actually The court was not ready on time during our match time,Negative
971,21,1,From what I saw Court was dirty and poorly maintained while playing with friends,Negative
972,246,4,Actually Loved the turf and lighting setup during our regular game,Positive
973,286,1,Actually Very unprofessional management and staff during weekend booking,Negative
974,152,4,Actually during peak hours,Positive
975,361,1,Overall The court was overcrowded and chaotic we played in the evening,Negative
976,396,4,From what I saw Great futsal court with excellent facilities while testing the lighting,Positive
977,405,3,horrible,Positive
978,37,5,Well The staff was very helpful and friendly while trying out the new turf,Positive
979,358,2,Actually The lighting was dim and insufficient but affordable price with great quality on a rainy day,Negative
980,42,5,"As a regular player The booking process was seamless and efficient, making it easy to reserve a court while testing the lighting",Positive
981,187,5,In my opinion Highly recommended for futsal lovers we played in the evening,Positive
982,188,3,Overall The ground condition was perfect for playing during peak hours,Positive
983,71,1,Well Overpriced for such poor quality during our regular game,Negative
984,481,3,From my experience Booking system was confusing during our regular game,Negative
985,165,3,Actually The lighting was perfect for night games and well-distributed during our match time,Positive
986,191,1,To be honest The environment was not welcoming at all during our regular game,Negative
987,364,4,Based on my visit Highly recommended for futsal lovers during our regular game,Positive
988,485,5,As a regular player Spacious court and proper lighting setup at night session,Positive
989,42,3,"Overall The price was reasonable for the quality of the facilities and the overall experience provided, making it a great value for money during our match time",Positive
990,357,1,Personally Overpriced for such poor quality but booking system was fast and easy at night session,Negative
991,267,1,staff good but turf bad,Negative
992,478,3,Honestly Had a very bad time playing here at night session,Negative
993,228,4,loved it,Positive
994,428,1,"Honestly Very poor management system but the environment was welcoming and created a great atmosphere for playing futsal, making it a favorite spot for many players at night session",Negative
995,331,3,Well Had a very bad time playing here on a rainy day,Negative
996,228,5,Based on my visit Excellent facilities and great atmosphere while testing the lighting,Positive
997,405,3,"From what I saw The price was reasonable for the quality of the facilities and the overall experience provided, making it a great value for money while playing with friends",Positive
998,76,1,Based on my visit Poor lighting and ventilation on a rainy day,Negative
999,275,5,Based on my visit Worth the money and time while playing with friends,Positive
1000,163,3,Personally One of the best futsal courts in the area while playing with friends,Positive
1001,18,3,Based on my visit The ground was slippery and dangerous but very comfortable and enjoyable experience at night session,Negative
1002,274,3,In my opinion The ground condition was perfect for playing while playing with friends,Positive
1003,476,2,Honestly Had to wait for a long time to get the court ready during peak hours,Negative
1004,152,5,Honestly Highly recommended for futsal lovers during our regular game,Positive
1005,353,4,To be honest Excellent facilities and great atmosphere but very unprofessional management and staff while testing the lighting,Positive
1006,72,1,good,Negative
1007,229,1,Overall Very bad experience overall at night session,Negative
1008,401,1,In my opinion Very poor management system we played in the evening,Negative
1009,344,5,To be honest Great futsal court with excellent facilities but very unprofessional management and staff during our match time,Positive
1010,310,5,As a regular player Really enjoyed playing here with friends during peak hours,Positive
1011,198,4,Honestly Very professional staff and management but the environment was not welcoming at all on a rainy day,Positive
1012,448,4,To be honest The ground condition was perfect for playing on a rainy day,Positive
1013,84,2,From my experience Had a very bad time playing here while trying out the new turf,Negative
1014,45,3,Frankly speaking Too crowded and not managed properly during peak hours,Negative
1015,445,2,meh experience,Negative
1016,469,3,In my opinion Staff was not responsive to issues but affordable price with great quality during weekend booking,Negative
1017,103,1,Personally The price was too high for the quality offered during our regular game,Negative
1018,284,4,horrible,Positive
1019,238,5,To be honest Everything was well organized and managed while testing the lighting,Positive
1020,428,3,Ground condition was not good we played in the evening,Negative
1021,331,3,"Overall Had a very bad time playing here but the court was spacious and well-maintained, providing ample room for players to enjoy their game without feeling cramped or overcrowded at night session",Negative
1022,307,3,Overall Had a great time playing here at night session,Positive
1023,322,4,From what I saw Good maintenance and clean surroundings while trying out the new turf,Positive
1024,9,3,Actually The ground was slippery and dangerous during weekend booking,Negative
1025,70,3,Personally Lighting was not good but spacious court and proper lighting setup while testing the lighting,Negative
1026,25,4,Honestly The ground condition was perfect for playing at night session,Positive
1027,307,3,As a regular player Highly recommended for futsal lovers but waste of money and time during weekend booking,Positive
1028,410,5,"As a regular player The environment was welcoming and created a great atmosphere for playing futsal, making it a favorite spot for many players on a rainy day",Positive
1029,422,4,"Well Amazing experience, will come again on a rainy day",Positive
1030,145,5,staff good but turf bad,Positive
1031,53,3,Based on my visit Nice environment and good vibes overall during peak hours,Positive
1032,315,3,As a regular player Very poor management system during our match time,Negative
1033,214,3,As a regular player The staff was very helpful and friendly during our regular game,Positive
1034,179,4,"Overall The overall management of the facility was top-notch, ensuring a smooth and enjoyable experience for all players but very bad experience overall during weekend booking",Positive
1035,268,3,In my opinion Very unprofessional management and staff while playing with friends,Negative
1036,418,5,In my opinion The staff was very helpful and friendly while playing with friends,Positive
1037,73,5,staff good but turf bad,Positive
1038,354,4,To be honest Really enjoyed playing here with friends but the turf was damaged and unsafe while playing with friends,Positive
1039,22,4,Overall Great futsal court with excellent facilities during weekend booking,Positive
1040,263,3,ok futsal not bad,Negative
1041,6,3,Based on my visit Too much delay in booking confirmation but everything was well organized and managed during weekend booking,Negative
1042,95,1,Not worth the price during weekend booking,Negative
1043,486,2,Honestly Ground condition was not good during weekend booking,Negative
1044,124,3,In my opinion The turf was uneven and caused injuries while playing with friends,Negative
1045,271,3,"Overall The overall management of the facility was top-notch, ensuring a smooth and enjoyable experience for all players during weekend booking",Positive
1046,3,5,From my experience One of the best futsal courts in the area at night session,Positive
1047,188,2,Overall The turf was uneven and caused injuries during our match time,Negative
1048,218,2,Personally Very disappointing experience but the ground condition was perfect for playing while trying out the new turf,Negative
1049,64,4,"From my experience Amazing experience, will come again during peak hours",Positive
1050,148,3,As a regular player Had to wait for a long time to get the court ready while playing with friends,Negative
1051,146,4,Honestly Nice environment and good vibes overall during weekend booking,Positive
1052,116,4,Actually Excellent facilities and great atmosphere at night session,Positive
1053,481,4,To be honest Really enjoyed playing here with friends during peak hours,Positive
1054,225,2,Personally Had to wait for a long time to get the court ready we played in the evening,Negative
1055,303,5,"Well Amazing experience, will come again but facilities were outdated and not maintained during weekend booking",Positive
1056,174,1,Actually Overpriced for such poor quality while playing with friends,Negative
1057,256,5,Frankly speaking The surface quality was very good during weekend booking,Positive
1058,483,5,Actually Good maintenance and clean surroundings while testing the lighting,Positive
1059,262,4,Based on my visit while testing the lighting,Positive
1060,119,2, Very disappointing experience but had a great time playing here while trying out the new turf,Negative
1061,256,1,Personally Very disappointing experience we played in the evening,Negative
1062,156,3,Personally Worth the money and time during peak hours,Positive
1063,406,4,Overall Excellent facilities and great atmosphere during weekend booking,Positive
1064,176,3,To be honest Had to wait for a long time to get the court ready while trying out the new turf,Negative
1065,221,1,As a regular player Very bad experience overall during our regular game,Negative
1066,227,4,Overall Spacious court and proper lighting setup during peak hours,Positive
1067,453,4,Honestly Very comfortable and enjoyable experience while playing with friends,Positive
1068,250,2,Based on my visit Too crowded and not managed properly during peak hours,Negative
1069,288,2,From what I saw The staff was not helpful when we had issues while trying out the new turf,Negative
1070,498,3,As a regular player Facilities were outdated and not maintained we played in the evening,Negative
1071,303,1,Well Poor lighting and ventilation on a rainy day,Negative
1072,415,2,loved it,Negative
1073,211,4,Honestly Very professional staff and management but not satisfied with the overall experience on a rainy day,Positive
1074,304,2,Well The court was not ready on time during our match time,Negative
1075,59,4,nice but little expensive,Positive
1076,291,2,"Honestly Terrible experience, will never come back but excellent facilities and great atmosphere during our regular game",Negative
1077,12,5,Frankly speaking Great futsal court with excellent facilities at night session,Positive
1078,414,3,Frankly speaking Very professional staff and management while testing the lighting,Positive
1079,174,3,Actually The worst futsal court I've ever been to during our match time,Negative
1080,497,4,meh experience,Positive
1081,25,2,Based on my visit The staff was not helpful when we had issues during weekend booking,Negative
1082,368,1,From what I saw Bad experience with staff behavior during peak hours,Negative
1083,411,3,Overall The worst futsal court I've ever been to while testing the lighting,Negative
1084,422,3,Frankly speaking Not satisfied with the overall experience during our match time,Negative
1085,103,2,The environment was not welcoming at all at night session,Negative
1086,93,5,To be honest Highly recommended for futsal lovers while testing the lighting,Positive
1087,339,3,"Well The environment was welcoming and created a great atmosphere for playing futsal, making it a favorite spot for many players but had to wait for a long time to get the court ready during our regular game",Positive
1088,415,5,Actually Booking system was fast and easy while trying out the new turf,Positive
1089,237,2,Lighting was not good during peak hours,Negative
1090,351,3,staff good but turf bad,Negative
1091,325,1,"Frankly speaking Terrible experience, will never come back during peak hours",Negative
1092,352,2,Frankly speaking Poor lighting and ventilation at night session,Negative
1093,409,3,"Frankly speaking Amazing experience, will come again but very bad experience overall during our match time",Positive
1094,104,1,Based on my visit The environment was not welcoming at all while trying out the new turf,Negative
1095,133,3,staff good but turf bad,Positive
1096,494,3,To be honest One of the best futsal courts in the area during our regular game,Positive
1097,161,3,Loved the turf and lighting setup we played in the evening,Positive
1098,454,5,"Overall The price was reasonable for the quality of the facilities and the overall experience provided, making it a great value for money during peak hours",Positive
1099,58,3,staff good but turf bad,Positive
1100,487,3,As a regular player The lighting was dim and insufficient during weekend booking,Negative
1101,308,1,As a regular player Had to wait for a long time to get the court ready at night session,Negative
1102,427,4,could be better,Positive
1103,90,1,Frankly speaking The environment was not welcoming at all during our match time,Negative
1104,29,3,To be honest Had a very bad time playing here while trying out the new turf,Negative
1105,350,2,"In my opinion Terrible experience, will never come back during weekend booking",Negative
1106,421,2,To be honest The ground was slippery and dangerous while playing with friends,Negative
1107,410,5,Well Loved the turf and lighting setup while testing the lighting,Positive
1108,328,2,Actually Too much delay in booking confirmation during our match time,Negative
1109,199,4,In my opinion Very comfortable and enjoyable experience during weekend booking,Positive
1110,155,2,horrible,Negative
1111,108,4,not satisfied,Positive
1112,209,5,Personally The best place to play futsal in town while trying out the new turf,Positive
1113,475,2,To be honest Had to wait for a long time to get the court ready during weekend booking,Negative
1114,134,3,Actually Very disappointing experience during peak hours,Negative
1115,391,1,"In my opinion Terrible experience, will never come back during peak hours",Negative
1116,323,3,worst,Positive
1117,157,3,Well Court was dirty and poorly maintained while playing with friends,Negative
1118,497,5,Overall One of the best futsal courts in the area during weekend booking,Positive
1119,406,4,"Well The environment was welcoming and created a great atmosphere for playing futsal, making it a favorite spot for many players while playing with friends",Positive
1120,89,4,"Based on my visit The environment was welcoming and created a great atmosphere for playing futsal, making it a favorite spot for many players while trying out the new turf",Positive
1121,202,1,In my opinion Very poor management system but the ground condition was perfect for playing at night session,Negative
1122,332,3,From what I saw Very bad experience overall during our match time,Negative
1123,26,1,From my experience The price was too high for the quality offered but the staff was very helpful and friendly during weekend booking,Negative
1124,485,3,Frankly speaking Booking system was fast and easy but the ground was slippery and dangerous while testing the lighting,Positive
1125,424,4,Honestly Affordable price with great quality during our regular game,Positive
1126,148,2,"Overall Not worth the price but the environment was welcoming and created a great atmosphere for playing futsal, making it a favorite spot for many players during our match time",Negative
1127,111,5,Frankly speaking Affordable price with great quality while playing with friends,Positive
1128,149,3,To be honest Affordable price with great quality but ground condition was not good during our match time,Positive
1129,299,2,From my experience Very unprofessional management and staff while testing the lighting,Negative
1130,499,2,Based on my visit Court was dirty and poorly maintained during weekend booking,Negative
1131,377,4,Well The staff was very helpful and friendly during our match time,Positive
1132,242,1,"Overall Lighting was not good but the court was spacious and well-maintained, providing ample room for players to enjoy their game without feeling cramped or overcrowded during weekend booking",Negative
1133,196,3,From what I saw Staff was rude and unhelpful but highly recommended for futsal lovers while testing the lighting,Negative
1134,22,5,Frankly speaking Friendly staff and smooth booking process on a rainy day,Positive
1135,450,4,To be honest Highly recommended for futsal lovers while playing with friends,Positive
1136,134,3,Overall The staff was very helpful and friendly on a rainy day,Positive
1137,256,3,ok futsal not bad,Positive
1138,314,2,To be honest The environment was not welcoming at all on a rainy day,Negative
1139,162,1,"To be honest Terrible experience, will never come back during our regular game",Negative
1140,326,5,Based on my visit Very comfortable and enjoyable experience while playing with friends,Positive
1141,241,1,Honestly Ground condition was not good but one of the best futsal courts in the area during our match time,Negative
1142,21,2,"Actually The environment was not welcoming at all but the price was reasonable for the quality of the facilities and the overall experience provided, making it a great value for money while trying out the new turf",Negative
1143,434,1,Actually Had to wait for a long time to get the court ready during our regular game,Negative
1144,93,2,"Personally Not satisfied with the overall experience but the environment was welcoming and created a great atmosphere for playing futsal, making it a favorite spot for many players during weekend booking",Negative
1145,300,5,"Actually The overall management of the facility was top-notch, ensuring a smooth and enjoyable experience for all players during our regular game",Positive
1146,127,1,Honestly Waste of money and time during our regular game,Negative
1147,349,4,"Well The price was reasonable for the quality of the facilities and the overall experience provided, making it a great value for money during weekend booking",Positive
1148,429,3,Overall The ground condition was perfect for playing during peak hours,Positive
1149,246,5,Honestly Spacious court and proper lighting setup during weekend booking,Positive
1150,319,5,To be honest Excellent facilities and great atmosphere but staff was rude and unhelpful while testing the lighting,Positive
1151,411,3,In my opinion Friendly staff and smooth booking process while testing the lighting,Positive
1152,205,3,In my opinion The turf was in excellent condition and very safe but staff was not responsive to issues we played in the evening,Positive
1153,199,1,From my experience The turf was damaged and unsafe but really enjoyed playing here with friends during peak hours,Negative
1154,377,2,To be honest Booking system was confusing while playing with friends,Negative
1155,427,1,To be honest Too crowded and not managed properly while testing the lighting,Negative
1156,138,4,From my experience Spacious court and proper lighting setup while trying out the new turf,Positive
1157,96,3,Frankly speaking The environment was not welcoming at all during weekend booking,Negative
1158,347,4,Frankly speaking Loved the turf and lighting setup during weekend booking,Positive
1159,269,3,Well Had to wait for a long time to get the court ready while playing with friends,Negative
1160,41,2,never again,Negative
1161,463,5,Based on my visit Friendly staff and smooth booking process at night session,Positive
1162,283,3,From my experience Affordable price with great quality during our regular game,Positive
1163,56,3,ok futsal not bad,Negative
1164,417,3,Frankly speaking The price was too high for the quality offered during weekend booking,Negative
1165,59,3,To be honest Very clean and well maintained ground while testing the lighting,Positive
1166,43,1,Based on my visit Waste of money and time while playing with friends,Negative
1167,388,4,Actually Nice environment and good vibes overall at night session,Positive
1168,109,1,From what I saw The worst futsal court I've ever been to at night session,Negative
1169,447,2,not good,Negative
1170,88,3,Frankly speaking Great futsal court with excellent facilities but booking system was confusing during our regular game,Positive
1171,309,5,"Based on my visit The environment was welcoming and created a great atmosphere for playing futsal, making it a favorite spot for many players during peak hours",Positive
1172,346,3,To be honest The ground was slippery and dangerous while testing the lighting,Negative
1173,418,1,To be honest Too crowded and not managed properly but really enjoyed playing here with friends during weekend booking,Negative
1174,108,1,too costly yrr,Negative
1175,98,5,Personally Affordable price with great quality during our match time,Positive
1176,243,3,never again,Positive
1177,242,4,"Overall The price was reasonable for the quality of the facilities and the overall experience provided, making it a great value for money but very unprofessional management and staff while playing with friends",Positive
1178,125,3,never again,Negative
1179,323,3,From what I saw Loved the turf and lighting setup during peak hours,Positive
1180,375,3,Frankly speaking Had to wait for a long time to get the court ready during peak hours,Negative
1181,303,3,To be honest Had to wait for a long time to get the court ready we played in the evening,Negative
1182,10,5,Well The surface quality was very good while trying out the new turf,Positive
1183,214,3,In my opinion Overpriced for such poor quality during our regular game,Negative
1184,230,4,Overall Worth the money and time while trying out the new turf,Positive
1185,177,2,Honestly Poor lighting and ventilation while playing with friends,Negative
1186,472,4,As a regular player Good maintenance and clean surroundings during our match time,Positive
1187,365,5,Actually Friendly staff and smooth booking process while trying out the new turf,Positive
1188,319,3,"Frankly speaking The booking process was seamless and efficient, making it easy to reserve a court on a rainy day",Positive
1189,103,3,Actually Excellent facilities and great atmosphere during weekend booking,Positive
1190,407,3,good,Positive
1191,10,1,Based on my visit The court was not ready on time at night session,Negative
1192,414,3,To be honest Excellent facilities and great atmosphere but the turf was uneven and caused injuries on a rainy day,Positive
1193,317,1,will come again,Negative
1194,402,4,As a regular player Had a great time playing here during our match time,Positive
1195,448,5,Honestly Booking system was fast and easy during our regular game,Positive
1196,493,4,Well The staff was very helpful and friendly but very unprofessional management and staff during weekend booking,Positive
1197,422,3,"Overall The booking process was seamless and efficient, making it easy to reserve a court during weekend booking",Positive
1198,467,3,As a regular player One of the best futsal courts in the area during weekend booking,Positive
1199,256,5,Actually The staff was very helpful and friendly at night session,Positive
1200,63,3,Overall The best place to play futsal in town while playing with friends,Positive
